planner_type, total_time, solved, process_time, path_simplify_time, path_simplify_smoothness, path_simplify_length, path_simplify_correct, path_simplify_clearance, path_plan_time, path_plan_smoothness, path_plan_length, path_plan_correct, path_plan_clearance, path_interpolate_time, path_interpolate_smoothness, path_interpolate_length, path_interpolate_correct, path_interpolate_clearance, param_max_states_failed, goal_name
right_arm_TRRT, 5.082415583, 0, None, None, None, None, None, None, None, None, None, None, None, None, None, None, None, None, 1.0, industrial.oven_01
right_arm_TRRT, 5.072430368, 0, None, None, None, None, None, None, None, None, None, None, None, None, None, None, None, None, 11.0, industrial.oven_01
right_arm_TRRT, 5.088208848, 0, None, None, None, None, None, None, None, None, None, None, None, None, None, None, None, None, 21.0, industrial.oven_01
right_arm_TRRT, 5.079861621, 0, None, None, None, None, None, None, None, None, None, None, None, None, None, None, None, None, 31.0, industrial.oven_01
right_arm_TRRT, 5.086419856, 0, None, None, None, None, None, None, None, None, None, None, None, None, None, None, None, None, 41.0, industrial.oven_01
right_arm_TRRT, 5.082523835, 0, None, None, None, None, None, None, None, None, None, None, None, None, None, None, None, None, 51.0, industrial.oven_01
right_arm_TRRT, 5.078051264, 0, None, None, None, None, None, None, None, None, None, None, None, None, None, None, None, None, 61.0, industrial.oven_01
right_arm_TRRT, 5.089414233, 0, None, None, None, None, None, None, None, None, None, None, None, None, None, None, None, None, 71.0, industrial.oven_01
right_arm_TRRT, 5.089035621, 0, None, None, None, None, None, None, None, None, None, None, None, None, None, None, None, None, 81.0, industrial.oven_01
right_arm_TRRT, 5.078760577, 0, None, None, None, None, None, None, None, None, None, None, None, None, None, None, None, None, 91.0, industrial.oven_01
right_arm_TRRT, 5.08849519, 0, None, None, None, None, None, None, None, None, None, None, None, None, None, None, None, None, 1.0, industrial.oven_01
right_arm_TRRT, 5.092531531, 0, None, None, None, None, None, None, None, None, None, None, None, None, None, None, None, None, 11.0, industrial.oven_01
right_arm_TRRT, 5.082186775, 0, None, None, None, None, None, None, None, None, None, None, None, None, None, None, None, None, 21.0, industrial.oven_01
right_arm_TRRT, 5.07995249, 0, None, None, None, None, None, None, None, None, None, None, None, None, None, None, None, None, 31.0, industrial.oven_01
right_arm_TRRT, 5.079310504, 0, None, None, None, None, None, None, None, None, None, None, None, None, None, None, None, None, 41.0, industrial.oven_01
right_arm_TRRT, 5.087758504, 0, None, None, None, None, None, None, None, None, None, None, None, None, None, None, None, None, 51.0, industrial.oven_01
right_arm_TRRT, 5.082983809, 0, None, None, None, None, None, None, None, None, None, None, None, None, None, None, None, None, 61.0, industrial.oven_01
right_arm_TRRT, 5.080285071, 0, None, None, None, None, None, None, None, None, None, None, None, None, None, None, None, None, 71.0, industrial.oven_01
right_arm_TRRT, 5.074816285, 0, None, None, None, None, None, None, None, None, None, None, None, None, None, None, None, None, 81.0, industrial.oven_01
right_arm_TRRT, 5.082903278, 0, None, None, None, None, None, None, None, None, None, None, None, None, None, None, None, None, 91.0, industrial.oven_01
right_arm_TRRT, 5.094327565, 0, None, None, None, None, None, None, None, None, None, None, None, None, None, None, None, None, 1.0, industrial.oven_01
right_arm_TRRT, 5.083486176, 0, None, None, None, None, None, None, None, None, None, None, None, None, None, None, None, None, 11.0, industrial.oven_01
right_arm_TRRT, 5.08817951, 0, None, None, None, None, None, None, None, None, None, None, None, None, None, None, None, None, 21.0, industrial.oven_01
right_arm_TRRT, 5.083353411, 0, None, None, None, None, None, None, None, None, None, None, None, None, None, None, None, None, 31.0, industrial.oven_01
right_arm_TRRT, 5.083931343, 0, None, None, None, None, None, None, None, None, None, None, None, None, None, None, None, None, 41.0, industrial.oven_01
right_arm_TRRT, 5.081329199, 0, None, None, None, None, None, None, None, None, None, None, None, None, None, None, None, None, 51.0, industrial.oven_01
right_arm_TRRT, 5.077671121, 0, None, None, None, None, None, None, None, None, None, None, None, None, None, None, None, None, 61.0, industrial.oven_01
right_arm_TRRT, 5.09401426, 0, None, None, None, None, None, None, None, None, None, None, None, None, None, None, None, None, 71.0, industrial.oven_01
right_arm_TRRT, 5.081128057, 0, None, None, None, None, None, None, None, None, None, None, None, None, None, None, None, None, 81.0, industrial.oven_01
right_arm_TRRT, 5.081377875, 0, None, None, None, None, None, None, None, None, None, None, None, None, None, None, None, None, 91.0, industrial.oven_01
right_arm_TRRT, 0.427688954, 1, 0.104889881, 0.007955, 0.0, 7.53092339682, 1, 0.086727745831, 0.314709, 4.37488788217, 12.3286217822, 1, 0.0408894190979, 0.000135073, 3.13474737606e-16, 7.53092339682, 1, 0.04960289981, 1.0, industrial.top_bin_left_01
right_arm_TRRT, 5.084806806, 0, None, None, None, None, None, None, None, None, None, None, None, None, None, None, None, None, 11.0, industrial.top_bin_left_01
right_arm_TRRT, 5.079878454, 0, None, None, None, None, None, None, None, None, None, None, None, None, None, None, None, None, 21.0, industrial.top_bin_left_01
right_arm_TRRT, 5.091357429, 0, None, None, None, None, None, None, None, None, None, None, None, None, None, None, None, None, 31.0, industrial.top_bin_left_01
right_arm_TRRT, 0.347317215, 1, 0.102251682, 0.007987, 0.0, 7.53512107007, 1, 0.0867544729263, 0.23697, 3.16453358228, 9.38731772496, 1, 0.0590743071471, 0.000108533, 4.44089211031e-16, 7.53512107007, 1, 0.0496852942742, 41.0, industrial.top_bin_left_01
right_arm_TRRT, 5.08364925, 0, None, None, None, None, None, None, None, None, None, None, None, None, None, None, None, None, 51.0, industrial.top_bin_left_01
right_arm_TRRT, 5.092666742, 0, None, None, None, None, None, None, None, None, None, None, None, None, None, None, None, None, 61.0, industrial.top_bin_left_01
right_arm_TRRT, 0.405654587, 1, 0.098424635, 0.008138, 0.0, 7.52975818747, 1, 0.0867918804288, 0.298983, 2.14577687905, 9.10133407927, 1, 0.0530799764342, 0.000108952, 4.96335001313e-16, 7.52975818747, 1, 0.0494212914423, 71.0, industrial.top_bin_left_01
right_arm_TRRT, 5.081886671, 0, None, None, None, None, None, None, None, None, None, None, None, None, None, None, None, None, 81.0, industrial.top_bin_left_01
right_arm_TRRT, 5.080987951, 0, None, None, None, None, None, None, None, None, None, None, None, None, None, None, None, None, 91.0, industrial.top_bin_left_01
right_arm_TRRT, 0.584237143, 1, 0.100498635, 0.007958, 0.0, 7.52149398789, 1, 0.0868128798902, 0.475674, 5.4363728828, 11.5129494272, 1, 0.0576431458467, 0.000106508, 3.1347473802e-16, 7.52149398789, 1, 0.0496865651461, 1.0, industrial.top_bin_left_01
right_arm_TRRT, 3.482962118, 1, 0.10960126, 0.007988, 0.0, 7.52569205096, 1, 0.0867774179205, 3.365266, 4.93294690654, 20.9067481977, 1, 0.0552351384389, 0.000106858, 3.39597632243e-16, 7.52569205096, 1, 0.0495512880768, 11.0, industrial.top_bin_left_01
right_arm_TRRT, 1.438464977, 1, 0.110020304, 0.008272, 0.0, 7.5428001251, 1, 0.0868379985914, 1.320064, 4.8021034879, 14.3233764787, 1, 0.0742173953668, 0.000108673, 2.61228947798e-16, 7.5428001251, 1, 0.049455213114, 21.0, industrial.top_bin_left_01
right_arm_TRRT, 1.597155825, 1, 0.098607943, 0.0081, 0.0, 7.53490178656, 1, 0.0867258580402, 1.490339, 4.79582161704, 15.4655301597, 1, 0.0517248636378, 0.000108882, 2.61228948625e-16, 7.53490178656, 1, 0.0496949889588, 31.0, industrial.top_bin_left_01
right_arm_TRRT, 5.105379318, 0, None, None, None, None, None, None, None, None, None, None, None, None, None, None, None, None, 41.0, industrial.top_bin_left_01
right_arm_TRRT, 2.710171384, 1, 0.098712085, 0.007958, 0.0, 7.54104015221, 1, 0.0867248401046, 2.603395, 6.07813452335, 17.914174016, 1, 0.0563048500892, 0.000106299, 3.3959763313e-16, 7.54104015221, 1, 0.0495333896731, 51.0, industrial.top_bin_left_01
right_arm_TRRT, 5.091600337, 0, None, None, None, None, None, None, None, None, None, None, None, None, None, None, None, None, 61.0, industrial.top_bin_left_01
right_arm_TRRT, 5.087432207, 0, None, None, None, None, None, None, None, None, None, None, None, None, None, None, None, None, 71.0, industrial.top_bin_left_01
right_arm_TRRT, 1.295137321, 1, 0.103862229, 0.007968, 0.0, 7.56393251881, 1, 0.0868694717064, 1.183198, 5.84718262822, 13.5766400884, 1, 0.0697694474624, 0.000109092, 3.65720528241e-16, 7.56393251881, 1, 0.0495618982241, 81.0, industrial.top_bin_left_01
right_arm_TRRT, 3.821300462, 1, 0.109354954, 0.007956, 0.0, 7.53873523196, 1, 0.0868017747998, 3.703883, 6.70532366978, 15.0402048044, 1, 0.0504019514658, 0.000106508, 2.87351843736e-16, 7.53873523196, 1, 0.0495032889166, 91.0, industrial.top_bin_left_01
right_arm_TRRT, 0.649003407, 1, 0.116572664, 0.077638, 5.22457894701e-16, 7.53702232249, 1, 0.0386335794978, 0.454728, 3.39542801554, 10.7249927025, 1, 0.0533665056651, 6.4743e-05, 3.91843422051e-16, 7.53702232249, 1, 0.0574472053113, 1.0, industrial.top_bin_left_01
right_arm_TRRT, 5.091009335, 0, None, None, None, None, None, None, None, None, None, None, None, None, None, None, None, None, 11.0, industrial.top_bin_left_01
right_arm_TRRT, 4.930897149, 1, 0.101227194, 0.089536, 0.0127593774384, 7.60118435921, 1, 0.0437339144786, 4.740066, 4.82480060969, 12.2030464595, 1, 0.0824995515868, 6.7955e-05, 0.00619741189863, 7.60118435921, 1, 0.0559053116811, 21.0, industrial.top_bin_left_01
right_arm_TRRT, 0.534082023, 1, 0.096973887, 0.007986, 0.0, 7.54400487332, 1, 0.0867284778506, 0.429015, 3.85010472212, 9.98522388958, 1, 0.0411792909061, 0.000107136, 4.17966316748e-16, 7.54400487332, 1, 0.0495361315141, 31.0, industrial.top_bin_left_01
right_arm_TRRT, 5.089380639, 0, None, None, None, None, None, None, None, None, None, None, None, None, None, None, None, None, 41.0, industrial.top_bin_left_01
right_arm_TRRT, 5.084693943, 0, None, None, None, None, None, None, None, None, None, None, None, None, None, None, None, None, 51.0, industrial.top_bin_left_01
right_arm_TRRT, 5.112514586, 0, None, None, None, None, None, None, None, None, None, None, None, None, None, None, None, None, 61.0, industrial.top_bin_left_01
right_arm_TRRT, 5.081905391, 0, None, None, None, None, None, None, None, None, None, None, None, None, None, None, None, None, 71.0, industrial.top_bin_left_01
right_arm_TRRT, 2.982395384, 1, 0.106791343, 0.007996, 0.0, 7.53601287705, 1, 0.0868033813313, 2.867503, 7.02127000357, 21.034240459, 1, 0.0684326473899, 0.000105041, 2.87351842495e-16, 7.53601287705, 1, 0.0494694694164, 81.0, industrial.top_bin_left_01
right_arm_TRRT, 5.081440737, 0, None, None, None, None, None, None, None, None, None, None, None, None, None, None, None, None, 91.0, industrial.top_bin_left_01
right_arm_TRRT, 5.100990494, 0, None, None, None, None, None, None, None, None, None, None, None, None, None, None, None, None, 1.0, industrial.top_bin_left_01
right_arm_TRRT, 5.094547641, 0, None, None, None, None, None, None, None, None, None, None, None, None, None, None, None, None, 11.0, industrial.top_bin_left_01
right_arm_TRRT, 2.36915686, 1, 0.098553283, 0.00798, 0.0, 7.55230150729, 1, 0.086772008799, 2.262517, 4.10323212876, 14.1973568146, 1, 0.0658939196483, 0.000106577, 3.39597631416e-16, 7.55230150729, 1, 0.0494665056193, 21.0, industrial.top_bin_left_01
right_arm_TRRT, 5.083053785, 0, None, None, None, None, None, None, None, None, None, None, None, None, None, None, None, None, 31.0, industrial.top_bin_left_01
right_arm_TRRT, 2.0234203, 1, 0.100730351, 0.00848, 0.0, 7.52858032335, 1, 0.0868450244889, 1.914104, 5.32819624654, 19.1828222832, 1, 0.064376917596, 0.000105949, 3.65720527827e-16, 7.52858032335, 1, 0.0496413713485, 41.0, industrial.top_bin_left_01
right_arm_TRRT, 5.081420618, 0, None, None, None, None, None, None, None, None, None, None, None, None, None, None, None, None, 51.0, industrial.top_bin_left_01
right_arm_TRRT, 2.389493734, 1, 0.108918518, 0.008065, 0.0, 7.56317845853, 1, 0.0868673687801, 2.272394, 5.2910275267, 21.6103292465, 1, 0.0504979146002, 0.000116216, 2.87351842909e-16, 7.56317845853, 1, 0.0497001138625, 61.0, industrial.top_bin_left_01
right_arm_TRRT, 5.084685699, 0, None, None, None, None, None, None, None, None, None, None, None, None, None, None, None, None, 71.0, industrial.top_bin_left_01
right_arm_TRRT, 5.090939844, 0, None, None, None, None, None, None, None, None, None, None, None, None, None, None, None, None, 81.0, industrial.top_bin_left_01
right_arm_TRRT, 1.329430021, 1, 0.103377732, 0.00898, 0.0, 7.54538473316, 1, 0.0868254350498, 1.216953, 5.72745338761, 12.9713058302, 1, 0.0452900334365, 0.000119289, 3.1347473802e-16, 7.54538473316, 1, 0.0496221015997, 91.0, industrial.top_bin_left_01
right_arm_TRRT, 3.603598892, 1, 0.103455642, 0.007966, 0.0, 7.52997234083, 1, 0.0866941399872, 3.492072, 5.29363570659, 15.1165780412, 1, 0.0467566163524, 0.00010525, 2.61228948212e-16, 7.52997234083, 1, 0.0498958227279, 1.0, industrial.top_bin_left_01
right_arm_TRRT, 0.552634243, 1, 0.102805154, 0.007967, 0.0, 7.53480986809, 1, 0.0867238985375, 0.441756, 3.52473133613, 9.91679460861, 1, 0.0567650205589, 0.000106089, 2.87351842081e-16, 7.53480986809, 1, 0.0495496986379, 11.0, industrial.top_bin_left_01
right_arm_TRRT, 5.085343325, 0, None, None, None, None, None, None, None, None, None, None, None, None, None, None, None, None, 21.0, industrial.top_bin_left_01
right_arm_TRRT, 5.081325701, 0, None, None, None, None, None, None, None, None, None, None, None, None, None, None, None, None, 31.0, industrial.top_bin_left_01
right_arm_TRRT, 0.441943702, 1, 0.098328566, 0.007987, 0.0, 7.5222394324, 1, 0.0868526417762, 0.335521, 5.10348505927, 11.3964538279, 1, 0.0438470969093, 0.000107136, 3.39597632717e-16, 7.5222394324, 1, 0.0493964835289, 41.0, industrial.top_bin_left_01
right_arm_TRRT, 5.077496728, 0, None, None, None, None, None, None, None, None, None, None, None, None, None, None, None, None, 51.0, industrial.top_bin_left_01
right_arm_TRRT, 2.433289109, 1, 0.1265623, 0.007992, 0.0, 7.5427113637, 1, 0.0868637096137, 2.298629, 4.02286914059, 12.8711067132, 1, 0.0490008988935, 0.000105809, 3.13474737606e-16, 7.5427113637, 1, 0.0497627167634, 61.0, industrial.top_bin_left_01
right_arm_TRRT, 5.099948532, 0, None, None, None, None, None, None, None, None, None, None, None, None, None, None, None, None, 71.0, industrial.top_bin_left_01
right_arm_TRRT, 0.456349163, 1, 0.09957821, 0.008038, 0.0, 7.5486976596, 1, 0.0867308294401, 0.348624, 3.84782192653, 11.1411239775, 1, 0.0743491490139, 0.000108953, 3.91843422524e-16, 7.5486976596, 1, 0.0496060099069, 81.0, industrial.top_bin_left_01
right_arm_TRRT, 5.083835729, 0, None, None, None, None, None, None, None, None, None, None, None, None, None, None, None, None, 91.0, industrial.top_bin_left_01
right_arm_TRRT, 3.929247639, 1, 0.10279776, 0.008004, 0.0, 7.535993556, 1, 0.086809177883, 3.81834, 6.30207630883, 18.7949125339, 1, 0.038450949405, 0.000105879, 4.17966315946e-16, 7.535993556, 1, 0.0497080045752, 1.0, industrial.top_bin_left_01
right_arm_TRRT, 2.085821597, 1, 0.098199298, 0.008052, 0.0, 7.53017720555, 1, 0.0868293512613, 1.979464, 5.81340650947, 16.1589918907, 1, 0.0545012514506, 0.000106299, 4.96335000425e-16, 7.53017720555, 1, 0.0496856317691, 11.0, industrial.top_bin_left_01
right_arm_TRRT, 4.417101156, 1, 0.101138441, 0.008041, 0.0, 7.53983000075, 1, 0.0867859805003, 4.307796, 4.78368651169, 17.0316159543, 1, 0.0684545646337, 0.000125715, 2.35106053515e-16, 7.53983000075, 1, 0.0497086189742, 21.0, industrial.top_bin_left_01
right_arm_TRRT, 5.102895143, 0, None, None, None, None, None, None, None, None, None, None, None, None, None, None, None, None, 31.0, industrial.top_bin_left_01
right_arm_TRRT, 4.138195298, 1, 0.101215209, 0.008, 0.0, 7.53260678125, 1, 0.0867265537381, 4.028874, 4.78274025445, 12.4054978147, 1, 0.0634465091344, 0.000106089, 2.87351843736e-16, 7.53260678125, 1, 0.0496901172104, 41.0, industrial.top_bin_left_01
right_arm_TRRT, 5.091189319, 0, None, None, None, None, None, None, None, None, None, None, None, None, None, None, None, None, 51.0, industrial.top_bin_left_01
right_arm_TRRT, 5.090488462, 0, None, None, None, None, None, None, None, None, None, None, None, None, None, None, None, None, 61.0, industrial.top_bin_left_01
right_arm_TRRT, 5.079134995, 0, None, None, None, None, None, None, None, None, None, None, None, None, None, None, None, None, 71.0, industrial.top_bin_left_01
right_arm_TRRT, 5.086322919, 0, None, None, None, None, None, None, None, None, None, None, None, None, None, None, None, None, 81.0, industrial.top_bin_left_01
right_arm_TRRT, 0.619543098, 1, 0.106553307, 0.008004, 0.0, 7.55644063766, 1, 0.0867276359349, 0.504876, 4.09366933874, 14.3876632163, 1, 0.0455789811615, 0.000109791, 3.91843423352e-16, 7.55644063766, 1, 0.0495184065007, 91.0, industrial.top_bin_left_01
right_arm_TRRT, 0.276936403, 1, 0.109807139, 0.007031, 0.0, 5.73708166309, 1, 0.105617720634, 0.160003, 0.97303875958, 6.3695142159, 1, 0.0687717634507, 9.5264e-05, 3.36895262236e-16, 5.73708166309, 1, 0.0941190431858, 1.0, industrial.top_bin_right_01
right_arm_TRRT, 0.310557928, 1, 0.10123841, 0.007117, 0.0, 5.71786008607, 1, 0.105605784804, 0.202109, 4.7666906825, 9.8498896961, 1, 0.0581791447476, 9.3518e-05, 3.98148946353e-16, 5.71786008607, 1, 0.0941111535348, 11.0, industrial.top_bin_right_01
right_arm_TRRT, 0.430321414, 1, 0.094469179, 0.007097, 0.0, 5.38546318926, 1, 0.0962612144649, 0.328665, 5.7576885049, 10.0269476169, 1, 0.0587699445064, 9.0235e-05, 6.02692499622e-16, 5.38546318926, 1, 0.0858244862674, 21.0, industrial.top_bin_right_01
right_arm_TRRT, 0.251418424, 1, 0.105527371, 0.007166, 0.0, 5.68944207876, 1, 0.105484757572, 0.13863, 3.05229393074, 7.68157457206, 1, 0.0583365159956, 9.5053e-05, 8.57551579714e-16, 5.68944207876, 1, 0.0938414345528, 31.0, industrial.top_bin_right_01
right_arm_TRRT, 0.216487303, 1, 0.111345969, 0.007253, 0.0, 5.71003305067, 1, 0.105675458908, 0.097793, 1.93604672828, 7.34192303687, 1, 0.0729163021527, 9.5334e-05, 5.206563148e-16, 5.71003305067, 1, 0.0942333361198, 41.0, industrial.top_bin_right_01
right_arm_TRRT, 0.523304185, 1, 0.093720674, 0.007109, 0.0, 4.98952508977, 1, 0.0823960490525, 0.422387, 6.03508728144, 9.10236876333, 1, 0.0678503829986, 8.7511e-05, 9.53969411692e-16, 4.98952508977, 1, 0.0735159233488, 51.0, industrial.top_bin_right_01
right_arm_TRRT, 0.253243237, 1, 0.101067393, 0.007119, 0.0, 5.7318065662, 1, 0.105499342084, 0.144962, 2.8161304695, 8.40926812583, 1, 0.0646379794925, 9.4844e-05, 4.59402630334e-16, 5.7318065662, 1, 0.0939587678375, 61.0, industrial.top_bin_right_01
right_arm_TRRT, 0.286708389, 1, 0.095249941, 0.007073, 0.0, 5.72309771907, 1, 0.105551246554, 0.184292, 3.45953676363, 8.75290468522, 1, 0.0488439048999, 9.3448e-05, 3.9814894645e-16, 5.72309771907, 1, 0.0940059757438, 71.0, industrial.top_bin_right_01
right_arm_TRRT, 0.379419968, 1, 0.100000193, 0.007108, 0.0, 5.71369875256, 1, 0.105479139835, 0.272217, 3.4463790724, 10.9688179065, 1, 0.0662687039624, 9.4775e-05, 6.43163684005e-16, 5.71369875256, 1, 0.0939178150789, 81.0, industrial.top_bin_right_01
right_arm_TRRT, 0.310058562, 1, 0.097359003, 0.007054, 0.0, 5.71218982069, 1, 0.105572640896, 0.205535, 3.96237898867, 8.47768663203, 1, 0.101833510523, 0.000110559, 2.45014738409e-16, 5.71218982069, 1, 0.0940769006466, 91.0, industrial.top_bin_right_01
right_arm_TRRT, 0.217767985, 1, 0.095088442, 0.007262, 0.0, 5.7174933765, 1, 0.105371784419, 0.115322, 4.04100755031, 7.38501415448, 1, 0.0684986398979, 9.5543e-05, 4.90029472256e-16, 5.7174933765, 1, 0.093690007925, 1.0, industrial.top_bin_right_01
right_arm_TRRT, 1.335370023, 1, 0.099787902, 0.007126, 0.0, 5.69271868746, 1, 0.105600874871, 1.228364, 3.34138816997, 12.1508476926, 1, 0.0695679160383, 9.2121e-05, 1.10256631647e-15, 5.69271868746, 1, 0.0940776796177, 11.0, industrial.top_bin_right_01
right_arm_TRRT, 0.721652594, 1, 0.096385076, 0.007102, 0.0, 5.71707665052, 1, 0.105380386114, 0.618072, 5.89746470619, 11.2409231853, 1, 0.0660608770559, 9.3518e-05, 5.81909998569e-16, 5.71707665052, 1, 0.0936747519621, 21.0, industrial.top_bin_right_01
right_arm_TRRT, 0.284019009, 1, 0.099327955, 0.007658, 0.0, 5.72902907755, 1, 0.105519860983, 0.176938, 3.86096210629, 11.1119258666, 1, 0.0592434156686, 9.5054e-05, 6.73790524335e-16, 5.72902907755, 1, 0.0939162034413, 31.0, industrial.top_bin_right_01
right_arm_TRRT, 0.168188915, 1, 0.094034032, 0.007105, 0.0, 5.03776981033, 1, 0.083235505037, 0.066963, 2.90327402749, 7.8185816945, 1, 0.0615393873304, 8.6883e-05, 7.56596434875e-16, 5.03776981033, 1, 0.0741159385415, 41.0, industrial.top_bin_right_01
right_arm_TRRT, 0.280565843, 1, 0.099230859, 0.007068, 0.0, 5.71433321912, 1, 0.105657063425, 0.174172, 2.31148070772, 6.70858911976, 1, 0.0528255704452, 9.4984e-05, 4.59402631925e-16, 5.71433321912, 1, 0.0941936299205, 51.0, industrial.top_bin_right_01
right_arm_TRRT, 0.232876963, 1, 0.092892071, 0.007121, 0.0, 5.72799656114, 1, 0.105547331274, 0.132768, 2.05318820781, 7.52186507514, 1, 0.0659763150228, 9.5892e-05, 2.45014736196e-16, 5.72799656114, 1, 0.0940185885491, 61.0, industrial.top_bin_right_01
right_arm_TRRT, 0.445127065, 1, 0.114304849, 0.007138, 0.0, 5.71347952806, 1, 0.105476655066, 0.32359, 2.80212609618, 9.07625573711, 1, 0.0443890097623, 9.4216e-05, 6.12536842567e-16, 5.71347952806, 1, 0.0938970020105, 71.0, industrial.top_bin_right_01
right_arm_TRRT, 0.29331139, 1, 0.104590383, 0.007044, 0.0, 5.71190991824, 1, 0.105497475713, 0.181583, 1.62589146361, 6.85874861238, 1, 0.0553200313201, 9.4007e-05, 4.28775790554e-16, 5.71190991824, 1, 0.093932556438, 81.0, industrial.top_bin_right_01
right_arm_TRRT, 0.342731569, 1, 0.099557283, 0.007633, 0.0, 5.71202476773, 1, 0.105514340103, 0.235447, 1.9435606351, 8.38500892159, 1, 0.0509126295264, 9.4286e-05, 9.18805262589e-16, 5.71202476773, 1, 0.0939781275289, 91.0, industrial.top_bin_right_01
right_arm_TRRT, 0.379896214, 1, 0.115686207, 0.007112, 0.0, 5.70991487113, 1, 0.105347126722, 0.257004, 5.14119373507, 10.5819180653, 1, 0.0541200122486, 9.4007e-05, 3.67522105886e-16, 5.70991487113, 1, 0.0936521828688, 1.0, industrial.top_bin_right_01
right_arm_TRRT, 0.252572484, 1, 0.09701336, 0.007069, 0.0, 5.71609050374, 1, 0.105462882668, 0.148395, 5.35007263439, 8.62642014763, 1, 0.0639612516388, 9.5124e-05, 6.43163682646e-16, 5.71609050374, 1, 0.0938482957667, 11.0, industrial.top_bin_right_01
right_arm_TRRT, 0.286830399, 1, 0.10110812, 0.007116, 0.0, 5.17280054496, 1, 0.0897035505623, 0.178518, 3.84725692905, 10.2796175586, 1, 0.0674025557403, 8.8279e-05, 4.60536960154e-16, 5.17280054496, 1, 0.0797585105454, 21.0, industrial.top_bin_right_01
right_arm_TRRT, 0.611118495, 1, 0.10998593, 0.007152, 0.0, 5.69915781711, 1, 0.105533521622, 0.493886, 4.56195115665, 12.1138644276, 1, 0.0666237434044, 9.4565e-05, 3.98148947323e-16, 5.69915781711, 1, 0.0939885431836, 31.0, industrial.top_bin_right_01
right_arm_TRRT, 0.284650446, 1, 0.097395675, 0.007136, 0.0, 5.24415523144, 1, 0.0910134743899, 0.180027, 4.704864463, 10.2310084452, 1, 0.0614283451411, 9.1771e-05, 1.26882631503e-15, 5.24415523144, 1, 0.0808115278238, 41.0, industrial.top_bin_right_01
right_arm_TRRT, 0.302251565, 1, 0.09439793, 0.007089, 0.0, 5.69574288642, 1, 0.105480909348, 0.20067, 2.94276875464, 7.70329151547, 1, 0.0636898350591, 9.4635e-05, 5.81909999468e-16, 5.69574288642, 1, 0.0939018595321, 51.0, industrial.top_bin_right_01
right_arm_TRRT, 0.316142997, 1, 0.104395292, 0.007096, 0.0, 5.71134043879, 1, 0.105542361736, 0.204557, 4.07578381606, 7.90634701469, 1, 0.0648391942183, 9.4705e-05, 1.22507369205e-16, 5.71134043879, 1, 0.0939612211338, 61.0, industrial.top_bin_right_01
right_arm_TRRT, 0.31089135, 1, 0.090509065, 0.007074, 0.0, 5.70679535886, 1, 0.105582840741, 0.213214, 3.69165781566, 8.38713711586, 1, 0.0650446905444, 9.4285e-05, 5.20656318255e-16, 5.70679535886, 1, 0.0940974362451, 71.0, industrial.top_bin_right_01
right_arm_TRRT, 0.255175049, 1, 0.094017297, 0.007295, 0.0, 5.69923993932, 1, 0.105513736606, 0.153767, 4.96670743476, 10.0960110341, 1, 0.0476444140077, 9.5752e-05, 1.25570052484e-15, 5.69923993932, 1, 0.0939910804917, 81.0, industrial.top_bin_right_01
right_arm_TRRT, 0.266437094, 1, 0.10099011, 0.007107, 0.0, 5.7057265067, 1, 0.105307567865, 0.158245, 5.35515647069, 9.07831765911, 1, 0.0697903575806, 9.4984e-05, 8.88178420919e-16, 5.7057265067, 1, 0.0935803397462, 91.0, industrial.top_bin_right_01
right_arm_TRRT, 0.215938147, 1, 0.101368792, 0.007072, 0.0, 5.6938904003, 1, 0.105439405888, 0.107403, 3.80167058152, 7.31946213887, 1, 0.0734623585277, 9.4355e-05, 3.98148947556e-16, 5.6938904003, 1, 0.0937793614535, 1.0, industrial.top_bin_right_01
right_arm_TRRT, 0.391148414, 1, 0.100500199, 0.007199, 0.0, 5.71636577721, 1, 0.105629086494, 0.283355, 5.35572098625, 9.33056500313, 1, 0.0567810635727, 9.4215e-05, 2.14387894274e-16, 5.71636577721, 1, 0.0941395633693, 11.0, industrial.top_bin_right_01
right_arm_TRRT, 2.881923742, 1, 0.108352552, 0.007196, 0.0, 5.70449148287, 1, 0.105634767562, 2.766283, 4.11509786417, 15.3350944839, 1, 0.0699169638877, 9.219e-05, 6.12536842567e-16, 5.70449148287, 1, 0.0941465129626, 21.0, industrial.top_bin_right_01
right_arm_TRRT, 0.365105715, 1, 0.101169801, 0.007194, 0.0, 5.70712453275, 1, 0.105532377958, 0.256647, 3.5285258122, 10.7405222604, 1, 0.066464565446, 9.4914e-05, 5.206563148e-16, 5.70712453275, 1, 0.0939784797615, 31.0, industrial.top_bin_right_01
right_arm_TRRT, 0.385792426, 1, 0.104685629, 0.007078, 0.0, 5.72988090139, 1, 0.105430666357, 0.273935, 4.71038823704, 12.3611297021, 1, 0.0480085029815, 9.3797e-05, 6.1253684086e-16, 5.72988090139, 1, 0.0937714014074, 41.0, industrial.top_bin_right_01
right_arm_TRRT, 0.222420604, 1, 0.104707899, 0.007022, 0.0, 5.73246050272, 1, 0.105390902609, 0.110596, 1.84038628481, 6.721947742, 1, 0.0541411436756, 9.4705e-05, 4.90029472529e-16, 5.73246050272, 1, 0.0936612111741, 51.0, industrial.top_bin_right_01
right_arm_TRRT, 1.143927866, 1, 0.098652675, 0.007079, 0.0, 5.72550755709, 1, 0.10537096858, 1.038104, 5.83073301935, 12.8041027154, 1, 0.0504203462864, 9.2191e-05, 7.35044208453e-16, 5.72550755709, 1, 0.0937357660511, 61.0, industrial.top_bin_right_01
right_arm_TRRT, 0.312323094, 1, 0.101354018, 0.007075, 0.0, 5.71804881809, 1, 0.105486817658, 0.2038, 3.57928490527, 10.7908156898, 1, 0.0661877841999, 9.4076e-05, 4.90029472489e-16, 5.71804881809, 1, 0.0939233441805, 71.0, industrial.top_bin_right_01
right_arm_TRRT, 0.30198086, 1, 0.101125085, 0.007074, 0.0, 5.72230543099, 1, 0.105487685651, 0.193687, 2.88633478242, 10.7510348542, 1, 0.060113123556, 9.4775e-05, 9.80058944785e-16, 5.72230543099, 1, 0.0939238333497, 81.0, industrial.top_bin_right_01
right_arm_TRRT, 0.277355381, 1, 0.103815838, 0.008018, 0.0, 5.72365718794, 1, 0.105510111898, 0.165426, 4.37489289388, 9.36455848401, 1, 0.0672415570857, 9.5543e-05, 4.59402630567e-16, 5.72365718794, 1, 0.0939022289782, 91.0, industrial.top_bin_right_01
right_arm_TRRT, 0.354661303, 1, 0.099725364, 0.01264, 0.0, 5.22029945955, 1, 0.0904472209513, 0.242155, 6.56464351067, 9.75296341753, 1, 0.0460789822308, 0.000140939, 1.31581989146e-16, 5.22029945955, 1, 0.0803028045705, 1.0, industrial.top_bin_right_01
right_arm_TRRT, 0.325362884, 1, 0.108279599, 0.007131, 0.0, 5.69852611796, 1, 0.105397410691, 0.209858, 3.11281559103, 9.45363502524, 1, 0.0581090737666, 9.4285e-05, 4.2877578876e-16, 5.69852611796, 1, 0.0937073377186, 11.0, industrial.top_bin_right_01
right_arm_TRRT, 0.39789452, 1, 0.09633638, 0.00717, 0.0, 5.0697215844, 1, 0.0844940543175, 0.2943, 3.42214856548, 8.20492096903, 1, 0.065527040977, 8.814e-05, 2.30268476816e-16, 5.0697215844, 1, 0.0753276164609, 21.0, industrial.top_bin_right_01
right_arm_TRRT, 0.22130028, 1, 0.100937295, 0.007615, 0.0, 5.7205712776, 1, 0.105450116098, 0.112653, 4.3796253327, 9.89930357006, 1, 0.0771451263156, 9.4985e-05, 5.20656314548e-16, 5.7205712776, 1, 0.093820573184, 31.0, industrial.top_bin_right_01
right_arm_TRRT, 0.272630691, 1, 0.101642589, 0.007088, 0.0, 5.71400206084, 1, 0.105610605329, 0.163804, 4.4869440095, 9.11417385084, 1, 0.0685730897821, 9.6102e-05, 6.125368428e-16, 5.71400206084, 1, 0.094110404623, 41.0, industrial.top_bin_right_01
right_arm_TRRT, 0.235229566, 1, 0.093357781, 0.007078, 0.0, 5.70385665884, 1, 0.105645634234, 0.13469, 1.4025166941, 6.25682666459, 1, 0.0671683873981, 0.000103785, 6.12536842699e-16, 5.70385665884, 1, 0.0941792294897, 51.0, industrial.top_bin_right_01
right_arm_TRRT, 0.402004608, 1, 0.101894046, 0.007129, 0.0, 5.3615807397, 1, 0.0955236814916, 0.29289, 1.45396690574, 6.20489369139, 1, 0.0582946974784, 9.1562e-05, 4.12368552722e-16, 5.3615807397, 1, 0.085225270928, 61.0, industrial.top_bin_right_01
right_arm_TRRT, 0.182442895, 1, 0.107410121, 0.007026, 0.0, 5.72059990397, 1, 0.105484243482, 0.067912, 2.66110378276, 8.00958710354, 1, 0.0524712322901, 9.4774e-05, 8.5755157696e-16, 5.72059990397, 1, 0.0938607487699, 71.0, industrial.top_bin_right_01
right_arm_TRRT, 0.344993244, 1, 0.098257421, 0.007344, 0.0, 5.71702832136, 1, 0.105404634029, 0.239296, 4.74614345349, 9.65616894177, 1, 0.046029530266, 9.5823e-05, 3.67522104391e-16, 5.71702832136, 1, 0.0937300966731, 81.0, industrial.top_bin_right_01
right_arm_TRRT, 0.238329189, 1, 0.101896274, 0.00764, 0.0, 5.73244325095, 1, 0.105620834976, 0.128698, 4.25746012756, 8.59011163753, 1, 0.0774224050916, 9.4915e-05, 5.51283156374e-16, 5.73244325095, 1, 0.0941451317791, 91.0, industrial.top_bin_right_01
right_arm_TRRT, 0.422985004, 1, 0.095296928, 0.007101, 0.0, 5.72032857308, 1, 0.105490792543, 0.320493, 3.34025672146, 9.56072130257, 1, 0.0753945539972, 9.4076e-05, 4.28775788412e-16, 5.72032857308, 1, 0.0938673248065, 1.0, industrial.top_bin_right_01
right_arm_TRRT, 0.208493555, 1, 0.102458269, 0.00706, 0.0, 5.70437556883, 1, 0.10552803427, 0.098881, 2.88875357952, 7.51855837786, 1, 0.0706056576561, 9.4286e-05, 7.04417370335e-16, 5.70437556883, 1, 0.0939922086124, 11.0, industrial.top_bin_right_01
right_arm_TRRT, 1.24028209, 1, 0.101261553, 0.007106, 0.0, 5.44640466461, 1, 0.0975389685482, 1.131825, 5.48666767675, 14.2303122814, 1, 0.0535917491652, 8.9537e-05, 4.12368552585e-16, 5.44640466461, 1, 0.0869538952996, 21.0, industrial.top_bin_right_01
right_arm_TRRT, 0.259389132, 1, 0.091090869, 0.007088, 0.0, 5.70809222019, 1, 0.105574652553, 0.161115, 2.9247277271, 8.18380270808, 1, 0.0522339136029, 9.5263e-05, 3.06268421284e-16, 5.70809222019, 1, 0.0940985109272, 31.0, industrial.top_bin_right_01
right_arm_TRRT, 0.244025306, 1, 0.09817709, 0.007066, 0.0, 5.73091107934, 1, 0.105433814228, 0.138688, 2.07252250268, 6.79833634041, 1, 0.0544971417297, 9.4216e-05, 3.98148946353e-16, 5.73091107934, 1, 0.0937962336787, 41.0, industrial.top_bin_right_01
right_arm_TRRT, 0.267991132, 1, 0.100498427, 0.007076, 0.0, 5.7248982747, 1, 0.105449739844, 0.160322, 4.92600466416, 8.69658517135, 1, 0.0526488575225, 9.4705e-05, 7.96297892434e-16, 5.7248982747, 1, 0.0938048049294, 51.0, industrial.top_bin_right_01
right_arm_TRRT, 0.278216178, 1, 0.093033403, 0.007097, 0.0, 5.70305914117, 1, 0.105404704809, 0.177991, 3.82760607277, 8.62401429472, 1, 0.0627734793637, 9.4775e-05, 6.43163684005e-16, 5.70305914117, 1, 0.0937400290678, 61.0, industrial.top_bin_right_01
right_arm_TRRT, 0.247357155, 1, 0.102522171, 0.007084, 0.0, 5.69979689624, 1, 0.105380482972, 0.137656, 2.57720263345, 8.95722058713, 1, 0.0801095709635, 9.4984e-05, 7.65671054937e-16, 5.69979689624, 1, 0.0936809703708, 71.0, industrial.top_bin_right_01
right_arm_TRRT, 0.318581227, 1, 0.097213662, 0.007119, 0.0, 5.72644422596, 1, 0.105452753603, 0.214154, 4.27833296211, 8.26332560676, 1, 0.0530055062129, 9.4565e-05, 4.59402630198e-16, 5.72644422596, 1, 0.0937982453354, 81.0, industrial.top_bin_right_01
right_arm_TRRT, 0.25639259, 1, 0.092744467, 0.007113, 0.0, 5.71645923664, 1, 0.105413008481, 0.15644, 2.96143938905, 6.80103691534, 1, 0.0714005177671, 9.5123e-05, 4.90029472529e-16, 5.71645923664, 1, 0.0937277561632, 91.0, industrial.top_bin_right_01
right_arm_TRRT, 0.239523196, 1, 0.109666723, 0.007078, 0.0, 5.72093680759, 1, 0.105425029993, 0.122683, 2.94390290381, 7.80928096395, 1, 0.0617770383445, 9.5473e-05, 4.90029472625e-16, 5.72093680759, 1, 0.0937325795149, 1.0, industrial.top_bin_right_01
right_arm_TRRT, 0.225039579, 1, 0.099670135, 0.007072, 0.0, 5.37419495609, 1, 0.0954428389668, 0.118207, 4.74382084447, 9.06358826414, 1, 0.0575107006499, 9.0444e-05, 6.0269250117e-16, 5.37419495609, 1, 0.0849910872057, 11.0, industrial.top_bin_right_01
right_arm_TRRT, 0.225608721, 1, 0.102606087, 0.007114, 0.0, 5.69998110484, 1, 0.10479870066, 0.115794, 2.56457846613, 7.71734411054, 1, 0.0641885680767, 9.4634e-05, 9.18805263983e-16, 5.69998110484, 1, 0.093281904942, 21.0, industrial.top_bin_right_01
right_arm_TRRT, 0.260399385, 1, 0.096681214, 0.007282, 0.0, 5.70591298932, 1, 0.105461318046, 0.15634, 1.99102513484, 7.15444649658, 1, 0.0606386039096, 9.6171e-05, 5.51283157965e-16, 5.70591298932, 1, 0.0938224368568, 31.0, industrial.top_bin_right_01
right_arm_TRRT, 0.275525331, 1, 0.099281975, 0.007116, 0.0, 5.71219627492, 1, 0.105682395399, 0.169033, 4.11083731397, 9.91197442082, 1, 0.0555244350274, 9.4356e-05, 5.8191000113e-16, 5.71219627492, 1, 0.0942225525605, 41.0, industrial.top_bin_right_01
right_arm_TRRT, 0.323755904, 1, 0.100046619, 0.007116, 0.0, 5.70393154493, 1, 0.105385921896, 0.216499, 4.86491088638, 9.80866694715, 1, 0.0492815429877, 9.4285e-05, 7.04417368607e-16, 5.70393154493, 1, 0.0936979047697, 51.0, industrial.top_bin_right_01
right_arm_TRRT, 0.236043354, 1, 0.094243788, 0.007053, 0.0, 5.73083520253, 1, 0.105594750494, 0.134652, 4.93727987516, 9.19236578246, 1, 0.049740321269, 9.4566e-05, 2.45014736469e-16, 5.73083520253, 1, 0.0940460896698, 61.0, industrial.top_bin_right_01
right_arm_TRRT, 0.331391094, 1, 0.106596437, 0.007066, 0.0, 5.70547677217, 1, 0.105449728668, 0.217635, 3.33390747753, 7.83446005516, 1, 0.05580547366, 9.3657e-05, 3.06268421284e-16, 5.70547677217, 1, 0.0938389784303, 71.0, industrial.top_bin_right_01
right_arm_TRRT, 0.227481374, 1, 0.09603218, 0.007095, 0.0, 5.68734481422, 1, 0.105566676706, 0.124259, 4.04737365926, 7.97320872054, 1, 0.0690527763218, 9.5194e-05, 7.96297894712e-16, 5.68734481422, 1, 0.0940630805903, 81.0, industrial.top_bin_right_01
right_arm_TRRT, 0.188897415, 1, 0.093964453, 0.007203, 0.0, 5.70219128648, 1, 0.105602763593, 0.087634, 3.50237001354, 8.25735892714, 1, 0.0486238949622, 9.5962e-05, 4.2877578876e-16, 5.70219128648, 1, 0.0941213541504, 91.0, industrial.top_bin_right_01
right_arm_TRRT, 0.2680095, 1, 0.107214608, 0.007161, 0.0, 5.70072020616, 1, 0.105384938419, 0.153538, 4.17667320937, 8.46180458911, 1, 0.0587772370244, 9.5892e-05, 8.57551580976e-16, 5.70072020616, 1, 0.0937443478354, 1.0, industrial.top_bin_right_01
right_arm_TRRT, 0.197021141, 1, 0.097897058, 0.007145, 0.0, 5.73277394843, 1, 0.105613417923, 0.091879, 2.47099068184, 8.16885892741, 1, 0.0610459305656, 0.000100083, 7.35044208782e-16, 5.73277394843, 1, 0.0941096495452, 11.0, industrial.top_bin_right_01
right_arm_TRRT, 0.823672899, 1, 0.116471776, 0.007175, 0.0, 5.70307331253, 1, 0.105386029929, 0.699931, 5.13135437654, 18.3756029521, 1, 0.0502344604465, 9.5123e-05, 3.67522105886e-16, 5.70307331253, 1, 0.0937400231587, 21.0, industrial.top_bin_right_01
right_arm_TRRT, 5.080649991, 0, None, None, None, None, None, None, None, None, None, None, None, None, None, None, None, None, 31.0, industrial.top_bin_right_01
right_arm_TRRT, 0.25905257, 1, 0.098469119, 0.007182, 0.0, 5.70522906924, 1, 0.105464167893, 0.153305, 3.16375978224, 8.08792188709, 1, 0.0665440601297, 9.6451e-05, 5.51283157965e-16, 5.70522906924, 1, 0.0938699787547, 41.0, industrial.top_bin_right_01
right_arm_TRRT, 0.619293002, 1, 0.103461136, 0.007073, 0.0, 5.70943129283, 1, 0.105440877378, 0.508665, 4.99349712163, 9.61004409069, 1, 0.0618410971947, 9.3866e-05, 6.7379052717e-16, 5.70943129283, 1, 0.093822242371, 51.0, industrial.top_bin_right_01
right_arm_TRRT, 0.175184495, 1, 0.095026, 0.007113, 0.0, 5.71554206194, 1, 0.105486370623, 0.072951, 1.27788130066, 6.10756758721, 1, 0.0654896301302, 9.4495e-05, 3.36895262236e-16, 5.71554206194, 1, 0.0939320991265, 61.0, industrial.top_bin_right_01
right_arm_TRRT, 0.973185207, 1, 0.09740655, 0.007636, 0.0, 5.68813975898, 1, 0.105525247753, 0.868049, 3.94522900996, 12.1355078842, 1, 0.0564576235655, 9.3657e-05, 5.51283158198e-16, 5.68813975898, 1, 0.0939528346062, 71.0, industrial.top_bin_right_01
right_arm_TRRT, 0.322737758, 1, 0.098959495, 0.007684, 0.0, 5.71079363277, 1, 0.105523642153, 0.215999, 1.96185232779, 7.68853872338, 1, 0.0573499643554, 9.5263e-05, 8.26924737877e-16, 5.71079363277, 1, 0.0939718477171, 81.0, industrial.top_bin_right_01
right_arm_TRRT, 0.511840299, 1, 0.105197153, 0.007665, 0.0, 5.72999134242, 1, 0.10562209785, 0.398884, 5.64831717075, 10.8571704941, 1, 0.0723568588229, 9.4146e-05, 2.75641578255e-16, 5.72999134242, 1, 0.0941310625138, 91.0, industrial.top_bin_right_01
right_arm_TRRT, 0.317305293, 1, 0.092132819, 0.007075, 0.0, 5.72044087296, 1, 0.105529915541, 0.218002, 3.91742611863, 8.820865979, 1, 0.0636454038322, 9.5474e-05, 3.98148946353e-16, 5.72044087296, 1, 0.0939393924742, 1.0, industrial.top_bin_right_01
right_arm_TRRT, 0.296047145, 1, 0.098705672, 0.007061, 0.0, 5.71743392725, 1, 0.105519782752, 0.190185, 3.15519702264, 7.26890145429, 1, 0.0549748782068, 9.5473e-05, 3.36895262236e-16, 5.71743392725, 1, 0.0939987941549, 11.0, industrial.top_bin_right_01
right_arm_TRRT, 0.312544146, 1, 0.097268301, 0.007096, 0.0, 5.70529117484, 1, 0.105491321534, 0.208085, 4.96903476167, 9.89915170966, 1, 0.0538445930662, 9.4845e-05, 6.7379052717e-16, 5.70529117484, 1, 0.0938765727754, 21.0, industrial.top_bin_right_01
right_arm_TRRT, 0.273339299, 1, 0.092481175, 0.007056, 0.0, 5.71155114385, 1, 0.105622489005, 0.173707, 1.55681097506, 7.88377509772, 1, 0.0629397722272, 9.5124e-05, 6.43163684005e-16, 5.71155114385, 1, 0.0940892899345, 31.0, industrial.top_bin_right_01
right_arm_TRRT, 0.288481863, 1, 0.098496482, 0.007084, 0.0, 5.71297524775, 1, 0.105502847582, 0.182805, 3.33366532536, 10.0165933869, 1, 0.0638498483369, 9.6381e-05, 3.06268421284e-16, 5.71297524775, 1, 0.0938546156575, 41.0, industrial.top_bin_right_01
right_arm_TRRT, 0.276684278, 1, 0.102031503, 0.007077, 0.0, 5.70646205636, 1, 0.105436772108, 0.167481, 2.88852697287, 9.01614513595, 1, 0.0573857888006, 9.4775e-05, 9.80058946792e-16, 5.70646205636, 1, 0.093812458731, 51.0, industrial.top_bin_right_01
right_arm_TRRT, 0.317646746, 1, 0.095285692, 0.007086, 0.0, 5.69800791295, 1, 0.105556111783, 0.21518, 2.79430896545, 7.84159019765, 1, 0.0472063969355, 9.5054e-05, 3.67522105886e-16, 5.69800791295, 1, 0.0940531636107, 61.0, industrial.top_bin_right_01
right_arm_TRRT, 0.513917656, 1, 0.108703882, 0.007123, 0.0, 5.71437806662, 1, 0.105416528881, 0.397996, 5.49277739829, 11.5631000604, 1, 0.0834205439935, 9.4774e-05, 1.53134210642e-16, 5.71437806662, 1, 0.0938144816921, 71.0, industrial.top_bin_right_01
right_arm_TRRT, 0.253960015, 1, 0.099386891, 0.007093, 0.0, 5.68664491752, 1, 0.105570126325, 0.147385, 2.86926677479, 8.13470354438, 1, 0.0545040798218, 9.5124e-05, 8.2692473811e-16, 5.68664491752, 1, 0.0940357611097, 81.0, industrial.top_bin_right_01
right_arm_TRRT, 0.244278616, 1, 0.109350121, 0.007056, 0.0, 5.73011896469, 1, 0.105493173003, 0.127778, 1.49497956212, 7.59510745269, 1, 0.06061958801, 9.4495e-05, 8.57551576784e-16, 5.73011896469, 1, 0.0939151570201, 91.0, industrial.top_bin_right_01
right_arm_TRRT, 0.199244335, 1, 0.091233723, 0.007058, 0.0, 5.86978527284, 1, 0.117106705904, 0.100857, 5.26506740429, 8.24019277232, 1, 0.0765732818594, 9.5612e-05, 4.90029472625e-16, 5.86978527284, 1, 0.111633488073, 1.0, industrial.top_bin_right_02
right_arm_TRRT, 0.177916131, 1, 0.09573834, 0.007122, 0.0, 5.36501048794, 1, 0.103710163385, 0.074968, 2.60265402812, 9.23421502447, 1, 0.0607023224808, 8.7791e-05, 4.9343245495e-16, 5.36501048794, 1, 0.100282373804, 11.0, industrial.top_bin_right_02
right_arm_TRRT, 0.463044429, 1, 0.100402051, 0.007081, 0.0, 5.8666804857, 1, 0.117067351937, 0.355468, 3.73249370322, 11.1150004486, 1, 0.0722207596118, 9.3378e-05, 5.81909998296e-16, 5.8666804857, 1, 0.111575665659, 21.0, industrial.top_bin_right_02
right_arm_TRRT, 0.648228804, 1, 0.09863336, 0.007115, 0.0, 5.76868231258, 1, 0.1146058999, 0.54239, 4.61471644771, 11.3292108732, 1, 0.0708433572203, 9.0444e-05, 7.29575130192e-16, 5.76868231258, 1, 0.109474813033, 31.0, industrial.top_bin_right_02
right_arm_TRRT, 0.322464121, 1, 0.093881905, 0.007084, 0.0, 5.8364773127, 1, 0.116425536573, 0.221404, 3.92091440838, 9.19306119559, 1, 0.0563387594974, 9.4216e-05, 2.45014736196e-16, 5.8364773127, 1, 0.111024137458, 41.0, industrial.top_bin_right_02
right_arm_TRRT, 0.280363023, 1, 0.095063389, 0.007073, 0.0, 5.86041396264, 1, 0.11703023687, 0.178132, 3.96957959533, 8.40248898346, 1, 0.0560131350962, 9.4634e-05, 4.90029472529e-16, 5.86041396264, 1, 0.111497913198, 51.0, industrial.top_bin_right_02
right_arm_TRRT, 0.241530227, 1, 0.095260522, 0.007109, 0.0, 5.85390049224, 1, 0.117015786469, 0.139066, 3.72785120713, 7.63300163455, 1, 0.0673746671528, 9.4705e-05, 5.51283156839e-16, 5.85390049224, 1, 0.111502977024, 61.0, industrial.top_bin_right_02
right_arm_TRRT, 0.255003867, 1, 0.100445883, 0.007131, 0.0, 5.88102775157, 1, 0.116943266243, 0.147332, 2.51737332875, 7.01702240734, 1, 0.0683894154023, 9.4984e-05, 4.28775788548e-16, 5.88102775157, 1, 0.111440723569, 71.0, industrial.top_bin_right_02
right_arm_TRRT, 0.21918234, 1, 0.10853007, 0.007111, 0.0, 5.84288887038, 1, 0.117130018771, 0.10344, 3.60126469133, 9.20783989658, 1, 0.0747247341161, 0.00010127, 2.14387894138e-16, 5.84288887038, 1, 0.111640720018, 81.0, industrial.top_bin_right_02
right_arm_TRRT, 0.335427012, 1, 0.109852448, 0.007152, 0.0, 5.87572218305, 1, 0.116944827139, 0.218328, 4.35014091823, 9.54581769867, 1, 0.0604175450946, 9.4564e-05, 3.36895262509e-16, 5.87572218305, 1, 0.111376866184, 91.0, industrial.top_bin_right_02
right_arm_TRRT, 0.245912482, 1, 0.102241266, 0.007172, 0.0, 5.8597044352, 1, 0.117036081851, 0.136405, 5.40847303708, 9.4099901028, 1, 0.0609569111123, 9.4216e-05, 3.36895262372e-16, 5.8597044352, 1, 0.111545623376, 1.0, industrial.top_bin_right_02
right_arm_TRRT, 0.304690773, 1, 0.097157579, 0.007184, 0.0, 5.84620942811, 1, 0.116759985685, 0.200254, 3.93207475081, 8.83261115011, 1, 0.0614693941815, 9.5194e-05, 3.98148946217e-16, 5.84620942811, 1, 0.111170697315, 11.0, industrial.top_bin_right_02
right_arm_TRRT, 0.224431473, 1, 0.105946121, 0.007047, 0.0, 5.85363614935, 1, 0.116901021451, 0.111347, 5.92854130261, 9.34744404394, 1, 0.0609580019059, 9.1352e-05, 1.83761052352e-16, 5.85363614935, 1, 0.111343227327, 21.0, industrial.top_bin_right_02
right_arm_TRRT, 0.322529008, 1, 0.098072815, 0.007093, 0.0, 5.85802947198, 1, 0.117042124271, 0.217268, 5.04771222402, 8.84133000751, 1, 0.0769803606506, 9.5193e-05, 1.53134210293e-16, 5.85802947198, 1, 0.111541525557, 31.0, industrial.top_bin_right_02
right_arm_TRRT, 0.280651259, 1, 0.108707183, 0.007179, 0.0, 5.86878990714, 1, 0.117039613426, 0.164671, 0.463634391821, 6.55995703532, 1, 0.0645819170401, 9.4076e-05, 5.20656314684e-16, 5.86878990714, 1, 0.111535064619, 41.0, industrial.top_bin_right_02
right_arm_TRRT, 0.243735603, 1, 0.096533095, 0.007362, 0.0, 5.00455578018, 1, 0.0945129413158, 0.139756, 6.1933795724, 9.99260122192, 1, 0.047199904453, 8.4508e-05, 3.07446375594e-16, 5.00455578018, 1, 0.0920608459184, 51.0, industrial.top_bin_right_02
right_arm_TRRT, 0.249952594, 1, 0.1025394, 0.00715, 0.0, 5.86987414986, 1, 0.11699328199, 0.140168, 3.51949826822, 7.73778412023, 1, 0.0816039027025, 9.5194e-05, 7.65671050841e-16, 5.86987414986, 1, 0.111454334752, 61.0, industrial.top_bin_right_02
right_arm_TRRT, 0.33563968, 1, 0.102895325, 0.007117, 0.0, 5.8694264189, 1, 0.116898629814, 0.225533, 3.23336381064, 7.65540449883, 1, 0.0518985322366, 9.4355e-05, 4.28775788275e-16, 5.8694264189, 1, 0.111346020524, 71.0, industrial.top_bin_right_02
right_arm_TRRT, 0.333727282, 1, 0.096733298, 0.007136, 0.0, 5.87579967942, 1, 0.116814047098, 0.229763, 4.39863181856, 8.83645331817, 1, 0.0802888413175, 9.4984e-05, 1.22507368098e-16, 5.87579967942, 1, 0.11124972177, 81.0, industrial.top_bin_right_02
right_arm_TRRT, 0.346405082, 1, 0.108854216, 0.007123, 0.0, 5.86758425417, 1, 0.117210172117, 0.230334, 2.78311986682, 7.40375873306, 1, 0.0753287202679, 9.3866e-05, 2.75641578255e-16, 5.86758425417, 1, 0.111783879584, 91.0, industrial.top_bin_right_02
right_arm_TRRT, 0.324746743, 1, 0.09687448, 0.007098, 0.0, 5.88897007569, 1, 0.117058724165, 0.220679, 4.24123727995, 8.11786929685, 1, 0.0581917649565, 9.5263e-05, 7.96297892899e-16, 5.88897007569, 1, 0.111571496931, 1.0, industrial.top_bin_right_02
right_arm_TRRT, 0.481094911, 1, 0.09721672, 0.007203, 0.0, 5.63929601752, 1, 0.111406188458, 0.376583, 3.88509919064, 9.21100926245, 1, 0.0561872772299, 9.2191e-05, 4.75809867373e-16, 5.63929601752, 1, 0.106813920662, 11.0, industrial.top_bin_right_02
right_arm_TRRT, 0.221475442, 1, 0.096765179, 0.007106, 0.0, 5.88109814876, 1, 0.117089137435, 0.117509, 2.33821339694, 7.22982061852, 1, 0.0620327799891, 9.5263e-05, 1.53134210157e-16, 5.88109814876, 1, 0.111611427161, 21.0, industrial.top_bin_right_02
right_arm_TRRT, 0.220204262, 1, 0.105574208, 0.007062, 0.0, 5.86473418342, 1, 0.117111295462, 0.107473, 4.6022497218, 8.75314907742, 1, 0.0710590950285, 9.5054e-05, 4.28775788412e-16, 5.86473418342, 1, 0.111605526558, 31.0, industrial.top_bin_right_02
right_arm_TRRT, 0.343040687, 1, 0.098441122, 0.00781, 0.0, 5.88173687746, 1, 0.117076471448, 0.236695, 6.02455683031, 9.5290813814, 1, 0.0647268172067, 9.4565e-05, 3.67522104295e-16, 5.88173687746, 1, 0.111613027751, 41.0, industrial.top_bin_right_02
right_arm_TRRT, 0.407607072, 1, 0.118450577, 0.007163, 0.0, 5.85818322271, 1, 0.116854287684, 0.281899, 3.11673511888, 8.38524245847, 1, 0.0707730401594, 9.4495e-05, 5.51283156646e-16, 5.85818322271, 1, 0.111281392389, 51.0, industrial.top_bin_right_02
right_arm_TRRT, 0.225351076, 1, 0.106007882, 0.007132, 0.0, 5.86003845466, 1, 0.116870090365, 0.112116, 4.92481667405, 9.26191977637, 1, 0.0607544434472, 9.5194e-05, 3.36895262236e-16, 5.86003845466, 1, 0.111313474076, 61.0, industrial.top_bin_right_02
right_arm_TRRT, 0.262639962, 1, 0.116704743, 0.007174, 0.0, 5.86033495105, 1, 0.116890523583, 0.138664, 4.81666791218, 7.84659133063, 1, 0.0707049174234, 9.7219e-05, 6.43163682782e-16, 5.86033495105, 1, 0.111347504474, 71.0, industrial.top_bin_right_02
right_arm_TRRT, 0.246514728, 1, 0.092984721, 0.007063, 0.0, 5.87827041188, 1, 0.117044854909, 0.146373, 3.29019699348, 7.38510736894, 1, 0.057804026387, 9.4007e-05, 4.5940263047e-16, 5.87827041188, 1, 0.111556511501, 81.0, industrial.top_bin_right_02
right_arm_TRRT, 0.301816801, 1, 0.103131306, 0.00717, 0.0, 5.86771453496, 1, 0.116973049939, 0.191421, 4.27778201442, 9.48455465942, 1, 0.0596872785661, 9.4495e-05, 3.67522104295e-16, 5.86771453496, 1, 0.111494135497, 91.0, industrial.top_bin_right_02
right_arm_TRRT, 0.363184593, 1, 0.105913724, 0.007217, 0.0, 5.89108856405, 1, 0.116986703128, 0.249957, 3.66584219061, 9.06517042151, 1, 0.0653552564659, 9.6869e-05, 4.90029472665e-16, 5.89108856405, 1, 0.11147422549, 1.0, industrial.top_bin_right_02
right_arm_TRRT, 0.231338984, 1, 0.102666349, 0.007787, 0.0, 5.88204905297, 1, 0.116826705635, 0.120791, 1.27840977129, 6.64569411563, 1, 0.0762622769583, 9.4635e-05, 3.67522104295e-16, 5.88204905297, 1, 0.111234391815, 11.0, industrial.top_bin_right_02
right_arm_TRRT, 0.246419252, 1, 0.10036022, 0.007668, 0.0, 5.86312597044, 1, 0.116941392422, 0.138295, 1.35720021, 7.848942505, 1, 0.0815298681458, 9.6032e-05, 4.90029472256e-16, 5.86312597044, 1, 0.111423076998, 21.0, industrial.top_bin_right_02
right_arm_TRRT, 0.19091925, 1, 0.102357148, 0.007698, 0.0, 5.87155623081, 1, 0.117127481848, 0.080768, 5.42747705002, 9.13594307669, 1, 0.070061862612, 9.6102e-05, 5.51283156646e-16, 5.87155623081, 1, 0.111697119372, 31.0, industrial.top_bin_right_02
right_arm_TRRT, 0.290392026, 1, 0.096827042, 0.007695, 0.0, 5.86967292797, 1, 0.117122869939, 0.185775, 3.57219887464, 8.17038299516, 1, 0.0737111228876, 9.4984e-05, 5.81909998296e-16, 5.86967292797, 1, 0.111680721158, 41.0, industrial.top_bin_right_02
right_arm_TRRT, 0.23793242, 1, 0.102205087, 0.007196, 0.0, 5.87979569445, 1, 0.116976998746, 0.128436, 1.8417614953, 7.35942570704, 1, 0.0587606974877, 9.5333e-05, 7.04417366763e-16, 5.87979569445, 1, 0.111470086564, 51.0, industrial.top_bin_right_02
right_arm_TRRT, 0.221615821, 1, 0.099702233, 0.007185, 0.0, 5.49164769874, 1, 0.107540257275, 0.114635, 1.52357843716, 7.24106190754, 1, 0.0750024471093, 9.3588e-05, 6.97854472779e-16, 5.49164769874, 1, 0.10374832313, 61.0, industrial.top_bin_right_02
right_arm_TRRT, 0.265930186, 1, 0.103457014, 0.007081, 0.0, 5.86000347663, 1, 0.116940461099, 0.155296, 2.61993407145, 9.71544264809, 1, 0.0777283266187, 9.6172e-05, 1.83761052215e-16, 5.86000347663, 1, 0.111403369184, 71.0, industrial.top_bin_right_02
right_arm_TRRT, 1.758772674, 1, 0.099488204, 0.007063, 0.0, 5.87303373282, 1, 0.116852045059, 1.652129, 4.57045681783, 11.8290702651, 1, 0.0576646167319, 9.247e-05, 6.12536840627e-16, 5.87303373282, 1, 0.111263351194, 81.0, industrial.top_bin_right_02
right_arm_TRRT, 0.277141948, 1, 0.108833825, 0.007178, 0.0, 5.87615918471, 1, 0.116996385157, 0.161035, 4.18525624059, 8.95483022579, 1, 0.067915976114, 9.5123e-05, 4.28775788548e-16, 5.87615918471, 1, 0.111479281865, 91.0, industrial.top_bin_right_02
right_arm_TRRT, 0.293015823, 1, 0.099621515, 0.007088, 0.0, 5.85423695097, 1, 0.117202792317, 0.186213, 3.02818347288, 9.48235362231, 1, 0.073086622109, 9.3308e-05, 4.90029472256e-16, 5.85423695097, 1, 0.111753828053, 1.0, industrial.top_bin_right_02
right_arm_TRRT, 0.25318639, 1, 0.096365171, 0.007282, 0.0, 5.85627814541, 1, 0.116955034435, 0.149442, 2.99273184685, 6.91024052162, 1, 0.0849363900382, 9.7219e-05, 3.98148946353e-16, 5.85627814541, 1, 0.111423090614, 11.0, industrial.top_bin_right_02
right_arm_TRRT, 0.484621264, 1, 0.091068537, 0.007121, 0.0, 5.87634689525, 1, 0.117015931755, 0.386338, 3.46060591738, 10.3594862431, 1, 0.0586950965847, 9.3727e-05, 3.36895262469e-16, 5.87634689525, 1, 0.111474391458, 21.0, industrial.top_bin_right_02
right_arm_TRRT, 0.234197237, 1, 0.102553462, 0.00706, 0.0, 5.88948387006, 1, 0.116822525859, 0.124489, 3.79399201178, 9.61378415903, 1, 0.066887293011, 9.4775e-05, 3.98148946586e-16, 5.88948387006, 1, 0.111264472121, 31.0, industrial.top_bin_right_02
right_arm_TRRT, 0.483914822, 1, 0.097830876, 0.006223, 0.0, 4.73740188306, 1, 0.0844470206648, 0.37978, 5.69534534092, 12.1951734702, 1, 0.0681304004975, 8.0946e-05, 3.55271368689e-16, 4.73740188306, 1, 0.0833777996898, 41.0, industrial.top_bin_right_02
right_arm_TRRT, 0.245063008, 1, 0.096637653, 0.007112, 0.0, 5.88070763651, 1, 0.117075674236, 0.141219, 2.6655951074, 6.92320629144, 1, 0.08298732933, 9.4355e-05, 3.67522104295e-16, 5.88070763651, 1, 0.111627180772, 51.0, industrial.top_bin_right_02
right_arm_TRRT, 0.219842973, 1, 0.091759138, 0.007092, 0.0, 5.07430510056, 1, 0.0960518941283, 0.120906, 3.50253977977, 7.37552435338, 1, 0.0708851556886, 8.5835e-05, 1.02482125635e-15, 5.07430510056, 1, 0.093333803977, 61.0, industrial.top_bin_right_02
right_arm_TRRT, 0.337662214, 1, 0.105643665, 0.007665, 0.0, 5.85629183244, 1, 0.116832271218, 0.224252, 3.69968876566, 8.75332634861, 1, 0.072316104976, 0.000101549, 7.35044208725e-16, 5.85629183244, 1, 0.1112686966, 71.0, industrial.top_bin_right_02
right_arm_TRRT, 0.200325056, 1, 0.09671891, 0.007077, 0.0, 5.87640873537, 1, 0.116882670671, 0.096435, 2.09967653047, 7.05861142098, 1, 0.0655798218213, 9.4146e-05, 3.0626842045e-16, 5.87640873537, 1, 0.111332621554, 81.0, industrial.top_bin_right_02
right_arm_TRRT, 3.747850688, 1, 0.099531126, 0.007096, 0.0, 5.87438431157, 1, 0.116943739355, 3.641132, 4.67706964611, 14.9900130882, 1, 0.0582657465246, 9.1562e-05, 3.98148946353e-16, 5.87438431157, 1, 0.11139811858, 91.0, industrial.top_bin_right_02
right_arm_TRRT, 0.315806852, 1, 0.094426103, 0.007413, 0.0, 5.86570541642, 1, 0.117114339024, 0.213853, 2.30432497054, 7.36601567134, 1, 0.0626285900362, 0.000114749, 6.43163683015e-16, 5.86570541642, 1, 0.111638012888, 1.0, industrial.top_bin_right_02
right_arm_TRRT, 0.206359128, 1, 0.095229214, 0.007235, 0.0, 5.8474523824, 1, 0.117171507329, 0.1038, 4.22238317577, 8.55615138507, 1, 0.0637569958732, 9.4914e-05, 6.43163682919e-16, 5.8474523824, 1, 0.111709712908, 11.0, industrial.top_bin_right_02
right_arm_TRRT, 0.206525499, 1, 0.094242724, 0.007479, 0.0, 5.79795400584, 1, 0.114933781326, 0.104709, 4.04137603726, 9.47733964271, 1, 0.0517203843753, 9.4775e-05, 2.75641578391e-16, 5.79795400584, 1, 0.109706172398, 21.0, industrial.top_bin_right_02
right_arm_TRRT, 0.286864832, 1, 0.106487499, 0.007083, 0.0, 5.86291317899, 1, 0.117121621966, 0.173199, 2.78825754907, 7.98897867237, 1, 0.0801113756994, 9.5333e-05, 6.12536840587e-16, 5.86291317899, 1, 0.11162014691, 31.0, industrial.top_bin_right_02
right_arm_TRRT, 0.267164354, 1, 0.097055837, 0.007112, 0.0, 5.8867193143, 1, 0.117084890604, 0.162903, 2.15106343667, 7.20008616714, 1, 0.0620996288278, 9.3517e-05, 3.06268420314e-16, 5.8867193143, 1, 0.111628228477, 41.0, industrial.top_bin_right_02
right_arm_TRRT, 0.216394138, 1, 0.094561363, 0.007145, 0.0, 5.8717322561, 1, 0.11679841578, 0.114593, 1.62359388617, 7.47235708595, 1, 0.0686910672283, 9.4775e-05, 3.67522104664e-16, 5.8717322561, 1, 0.11121696799, 51.0, industrial.top_bin_right_02
right_arm_TRRT, 0.368537437, 1, 0.094622434, 0.007086, 0.0, 5.55647302289, 1, 0.108670126647, 0.266738, 3.00632114852, 6.7442932058, 1, 0.0765508934855, 9.1003e-05, 6.02692498617e-16, 5.55647302289, 1, 0.104536361194, 61.0, industrial.top_bin_right_02
right_arm_TRRT, 0.22992805, 1, 0.103609904, 0.007114, 0.0, 5.86765062783, 1, 0.117117114365, 0.11911, 2.98731124645, 8.12539114509, 1, 0.0740050286628, 9.4146e-05, 3.98148946353e-16, 5.86765062783, 1, 0.111679741792, 71.0, industrial.top_bin_right_02
right_arm_TRRT, 0.219582673, 1, 0.096592937, 0.006289, 0.0, 4.84066301938, 1, 0.0887125935405, 0.11662, 4.65660051396, 8.74114885574, 1, 0.0694989054822, 8.0736e-05, 6.75015599383e-16, 4.84066301938, 1, 0.0869330258667, 81.0, industrial.top_bin_right_02
right_arm_TRRT, 0.213823072, 1, 0.093933834, 0.006235, 0.0, 4.90373557146, 1, 0.0903927981853, 0.113561, 3.28020920339, 6.12098207219, 1, 0.083354402706, 9.3238e-05, 9.22339130709e-16, 4.90373557146, 1, 0.088191566559, 91.0, industrial.top_bin_right_02
right_arm_TRRT, 0.212646524, 1, 0.105049531, 0.007091, 0.0, 5.86606037838, 1, 0.117215037346, 0.100402, 2.99374384385, 8.254322756, 1, 0.0630609808633, 0.000103993, 4.59402630334e-16, 5.86606037838, 1, 0.111777847954, 1.0, industrial.top_bin_right_02
right_arm_TRRT, 0.308271464, 1, 0.096253201, 0.007721, 0.0, 5.87122137664, 1, 0.116862591356, 0.204202, 4.67304855463, 8.97559737923, 1, 0.0583103981156, 9.5263e-05, 3.67522104295e-16, 5.87122137664, 1, 0.111281099504, 11.0, industrial.top_bin_right_02
right_arm_TRRT, 0.334912771, 1, 0.091336438, 0.007101, 0.0, 5.84098373037, 1, 0.117174338549, 0.23638, 3.58936419296, 8.94627232425, 1, 0.0793484013814, 9.5333e-05, 3.06268420314e-16, 5.84098373037, 1, 0.111700424603, 21.0, industrial.top_bin_right_02
right_arm_TRRT, 0.268729283, 1, 0.100922448, 0.007118, 0.0, 5.03222173366, 1, 0.0951067022979, 0.160603, 3.94715447248, 7.26317028028, 1, 0.0600122193044, 8.5835e-05, 8.54017711787e-16, 5.03222173366, 1, 0.0925609238732, 31.0, industrial.top_bin_right_02
right_arm_TRRT, 0.333699768, 1, 0.101844086, 0.007163, 0.0, 5.85348084067, 1, 0.116994991899, 0.224597, 4.99205594008, 11.9540062876, 1, 0.0616960633984, 9.5682e-05, 3.67522104431e-16, 5.85348084067, 1, 0.111487739302, 41.0, industrial.top_bin_right_02
right_arm_TRRT, 0.253544462, 1, 0.096717408, 0.007131, 0.0, 5.84976920416, 1, 0.117189291865, 0.149601, 2.43310135249, 7.81954224508, 1, 0.0658874319245, 9.5054e-05, 3.36895262236e-16, 5.84976920416, 1, 0.111730931648, 51.0, industrial.top_bin_right_02
right_arm_TRRT, 0.223658543, 1, 0.11501442, 0.007199, 0.0, 5.86919806394, 1, 0.116848293692, 0.10135, 4.51003500784, 7.76585151849, 1, 0.0689593104815, 9.5123e-05, 2.75641578255e-16, 5.86919806394, 1, 0.111260224005, 61.0, industrial.top_bin_right_02
right_arm_TRRT, 1.031547588, 1, 0.115591001, 0.007142, 0.0, 5.86260307189, 1, 0.116871979088, 0.908721, 4.60838368435, 13.758147762, 1, 0.080963812458, 9.3587e-05, 3.36895262509e-16, 5.86260307189, 1, 0.111277656822, 71.0, industrial.top_bin_right_02
right_arm_TRRT, 0.228691581, 1, 0.108269295, 0.007073, 0.0, 5.87920404905, 1, 0.116997271776, 0.113255, 4.11081872586, 7.92095527246, 1, 0.0892841372018, 9.4286e-05, 5.20656314548e-16, 5.87920404905, 1, 0.111514839376, 81.0, industrial.top_bin_right_02
right_arm_TRRT, 0.20953335, 1, 0.111879576, 0.0072, 0.0, 5.86208222529, 1, 0.117113295943, 0.090359, 4.97214560873, 8.53966564868, 1, 0.0609836274615, 9.4774e-05, 6.73790524841e-16, 5.86208222529, 1, 0.111662355733, 91.0, industrial.top_bin_right_02
right_arm_TRRT, 0.237645933, 1, 0.100317854, 0.007157, 0.0, 5.87899695389, 1, 0.116967186332, 0.130074, 2.56284381865, 7.26741402765, 1, 0.0779339284636, 9.7079e-05, 6.73790524608e-16, 5.87899695389, 1, 0.111449011698, 1.0, industrial.top_bin_right_02
right_arm_TRRT, 0.254191124, 1, 0.098201416, 0.007137, 0.0, 5.87370724707, 1, 0.116951316595, 0.148755, 1.1624901911, 6.37783185083, 1, 0.0665452932431, 9.7708e-05, 5.20656314315e-16, 5.87370724707, 1, 0.111403052406, 11.0, industrial.top_bin_right_02
right_arm_TRRT, 0.302033103, 1, 0.108891979, 0.007771, 0.0, 5.88280857131, 1, 0.117180164903, 0.185275, 2.79411961219, 7.32575783966, 1, 0.0768774211068, 9.5124e-05, 4.59402630334e-16, 5.88280857131, 1, 0.111735628854, 21.0, industrial.top_bin_right_02
right_arm_TRRT, 0.211818556, 1, 0.101678362, 0.007678, 0.0, 5.87441541159, 1, 0.116773344576, 0.102367, 1.44083312247, 7.13783669311, 1, 0.0628569639909, 9.5194e-05, 8.57551577016e-16, 5.87441541159, 1, 0.111159765772, 31.0, industrial.top_bin_right_02
right_arm_TRRT, 0.317809339, 1, 0.105821727, 0.007118, 0.0, 5.86179448685, 1, 0.116894874722, 0.204774, 4.51131898894, 9.07270690926, 1, 0.0685863348522, 9.5612e-05, 3.06268420177e-16, 5.86179448685, 1, 0.111341660136, 41.0, industrial.top_bin_right_02
right_arm_TRRT, 0.363583942, 1, 0.109617104, 0.007214, 0.0, 5.39767060975, 1, 0.105263136327, 0.246664, 5.3294390419, 8.82160376842, 1, 0.069904988345, 8.8838e-05, 4.6053695807e-16, 5.39767060975, 1, 0.101784379118, 51.0, industrial.top_bin_right_02
right_arm_TRRT, 0.318750168, 1, 0.095970533, 0.007093, 0.0, 5.86265868596, 1, 0.116761740297, 0.215592, 1.66341413517, 7.28820344267, 1, 0.0622874385176, 9.4635e-05, 4.90029472625e-16, 5.86265868596, 1, 0.111144563247, 61.0, industrial.top_bin_right_02
right_arm_TRRT, 0.228215402, 1, 0.098246208, 0.007145, 0.0, 5.85306685057, 1, 0.116858366877, 0.122729, 3.63139877622, 8.84212735603, 1, 0.0557495165043, 9.5194e-05, 9.18805258971e-16, 5.85306685057, 1, 0.111309267324, 71.0, industrial.top_bin_right_02
right_arm_TRRT, 0.309136796, 1, 0.095781662, 0.00638, 0.0, 4.62502958246, 1, 0.0811483049765, 0.206893, 5.30512695844, 8.57570904488, 1, 0.0614419037011, 8.2134e-05, 1.03028696447e-15, 4.62502958246, 1, 0.0803587836772, 81.0, industrial.top_bin_right_02
right_arm_TRRT, 0.295676985, 1, 0.116663179, 0.007069, 0.0, 5.85373564975, 1, 0.116905797273, 0.171842, 1.94697465561, 6.90885833299, 1, 0.0655975592407, 0.000102806, 3.06268420177e-16, 5.85373564975, 1, 0.111359563881, 91.0, industrial.top_bin_right_02
right_arm_TRRT, 0.356308371, 1, 0.098992876, 0.007138, 0.0, 5.84991816969, 1, 0.116948224604, 0.250083, 3.50314155178, 8.18983421302, 1, 0.069884560859, 9.4495e-05, 2.45014736333e-16, 5.84991816969, 1, 0.11139589805, 1.0, industrial.top_bin_right_02
right_arm_TRRT, 0.436789064, 1, 0.094981057, 0.007109, 0.0, 5.86216598064, 1, 0.116868712008, 0.334605, 3.27708875727, 8.87882201713, 1, 0.0724017542715, 9.4007e-05, 3.36895262372e-16, 5.86216598064, 1, 0.111279251247, 11.0, industrial.top_bin_right_02
right_arm_TRRT, 0.392829077, 1, 0.100935655, 0.007119, 0.0, 5.53228199038, 1, 0.109021306038, 0.284683, 5.31447591886, 9.00544542259, 1, 0.0549746346302, 9.1422e-05, 7.29575129862e-16, 5.53228199038, 1, 0.105012688786, 21.0, industrial.top_bin_right_02
right_arm_TRRT, 0.242041813, 1, 0.095003019, 0.007162, 0.0, 5.8655018495, 1, 0.117150515318, 0.139764, 3.09628274385, 7.92717868292, 1, 0.0634055041398, 0.000112794, 3.98148946217e-16, 5.8655018495, 1, 0.111685306861, 31.0, industrial.top_bin_right_02
right_arm_TRRT, 0.236795124, 1, 0.099274861, 0.007652, 0.0, 5.81099071704, 1, 0.115874998271, 0.129773, 2.86826590886, 8.92341677923, 1, 0.0559924224821, 9.5263e-05, 5.20656314684e-16, 5.81099071704, 1, 0.110572589882, 41.0, industrial.top_bin_right_02
right_arm_TRRT, 0.248095091, 1, 0.096970806, 0.007093, 0.0, 5.87860775613, 1, 0.116974048316, 0.143937, 5.43349691454, 9.56795412672, 1, 0.0522749352136, 9.4285e-05, 3.67522104567e-16, 5.87860775613, 1, 0.111438958039, 51.0, industrial.top_bin_right_02
right_arm_TRRT, 0.317044855, 1, 0.10206015, 0.007127, 0.0, 5.88980616294, 1, 0.116955243051, 0.207763, 2.5682898311, 8.12014740919, 1, 0.0593575011784, 9.4705e-05, 4.28775788275e-16, 5.88980616294, 1, 0.111416283353, 61.0, industrial.top_bin_right_02
right_arm_TRRT, 0.288488851, 1, 0.095049727, 0.007136, 0.0, 5.8592387651, 1, 0.116909526289, 0.186208, 4.37500646572, 8.42715136145, 1, 0.0547878706398, 9.5124e-05, 4.28775788548e-16, 5.8592387651, 1, 0.111364097688, 71.0, industrial.top_bin_right_02
right_arm_TRRT, 0.25403873, 1, 0.100382235, 0.007084, 0.0, 5.85492933748, 1, 0.117242343724, 0.146478, 4.69236583464, 9.60361589997, 1, 0.078810401834, 9.4495e-05, 5.51283154444e-16, 5.85492933748, 1, 0.11181210187, 81.0, industrial.top_bin_right_02
right_arm_TRRT, 0.331635958, 1, 0.091530231, 0.007615, 0.0, 5.86808446804, 1, 0.117135152221, 0.232397, 3.40549176976, 7.19415946179, 1, 0.0629068124108, 9.3727e-05, 1.83761052215e-16, 5.86808446804, 1, 0.111641849166, 91.0, industrial.top_bin_right_02
right_arm_TRRT, 0.319606353, 1, 0.101278067, 0.007116, 0.0, 5.85948582941, 1, 0.1168653965, 0.211118, 3.84277210131, 9.59379275289, 1, 0.0617426550732, 9.4286e-05, 6.125368409e-16, 5.85948582941, 1, 0.11129950398, 1.0, industrial.top_bin_right_02
right_arm_TRRT, 5.080489704, 0, None, None, None, None, None, None, None, None, None, None, None, None, None, None, None, None, 11.0, industrial.top_bin_right_02
right_arm_TRRT, 0.281415956, 1, 0.101258391, 0.007097, 0.0, 5.8676347314, 1, 0.116814024746, 0.172966, 4.68760440592, 8.7466811902, 1, 0.0643667113036, 9.4565e-05, 3.67522104295e-16, 5.8676347314, 1, 0.111253820103, 21.0, industrial.top_bin_right_02
right_arm_TRRT, 0.280833474, 1, 0.098309397, 0.007101, 0.0, 5.86001134396, 1, 0.11701527983, 0.175329, 1.22097456437, 7.2300860347, 1, 0.0714746937156, 9.4077e-05, 3.06268420177e-16, 5.86001134396, 1, 0.111522994936, 31.0, industrial.top_bin_right_02
right_arm_TRRT, 0.34780638, 1, 0.096353173, 0.007169, 0.0, 5.02045102216, 1, 0.0942979305983, 0.244199, 5.01750101717, 8.76402439967, 1, 0.060450251253, 8.5207e-05, 4.78249918233e-16, 5.02045102216, 1, 0.0916651362697, 41.0, industrial.top_bin_right_02
right_arm_TRRT, 0.362443572, 1, 0.114628099, 0.00739, 0.0, 5.84440879638, 1, 0.117093108594, 0.24033, 5.15537135087, 8.88575044168, 1, 0.0687154484196, 9.5473e-05, 4.59402630879e-16, 5.84440879638, 1, 0.111595418946, 51.0, industrial.top_bin_right_02
right_arm_TRRT, 0.28616523, 1, 0.098247318, 0.007182, 0.0, 5.61600134656, 1, 0.110534396023, 0.180644, 4.42318848483, 7.80724771088, 1, 0.0563228799341, 9.1912e-05, 1.90323946937e-16, 5.61600134656, 1, 0.106158258127, 61.0, industrial.top_bin_right_02
right_arm_TRRT, 0.278035566, 1, 0.100087769, 0.007126, 0.0, 5.83705459754, 1, 0.116301052272, 0.170728, 1.75660210862, 6.74237161214, 1, 0.0728973719207, 9.3797e-05, 3.98148946353e-16, 5.83705459754, 1, 0.110937000606, 71.0, industrial.top_bin_right_02
right_arm_TRRT, 0.256143745, 1, 0.105860389, 0.007094, 0.0, 5.84347657088, 1, 0.116877269, 0.143095, 4.87252843791, 8.13493596274, 1, 0.0606658837448, 9.4356e-05, 5.20656314315e-16, 5.84347657088, 1, 0.11132499627, 81.0, industrial.top_bin_right_02
right_arm_TRRT, 0.436623189, 1, 0.096226995, 0.007168, 0.0, 5.86673649068, 1, 0.116930585355, 0.333133, 5.43876714093, 11.5769505345, 1, 0.0680142493152, 9.5194e-05, 2.45014736469e-16, 5.86673649068, 1, 0.111421926011, 91.0, industrial.top_bin_right_02
right_arm_TRRT, 0.215138604, 1, 0.107124201, 0.007056, 0.0, 5.8773870674, 1, 0.116779118776, 0.100863, 4.01497037105, 8.42502185852, 1, 0.0526606308607, 9.5403e-05, 4.28775788412e-16, 5.8773870674, 1, 0.111198229009, 1.0, industrial.top_bin_right_02
right_arm_TRRT, 0.310395893, 1, 0.101131908, 0.007093, 0.0, 5.87233102896, 1, 0.117093194276, 0.202076, 2.80112463507, 7.74856503039, 1, 0.0700088254331, 9.4985e-05, 3.98148946353e-16, 5.87233102896, 1, 0.111635794414, 11.0, industrial.top_bin_right_02
right_arm_TRRT, 0.26292338, 1, 0.095420894, 0.007406, 0.0, 5.11325719794, 1, 0.0967972464859, 0.160011, 5.45365642018, 8.59740336264, 1, 0.0627336470554, 8.5486e-05, 6.83214168607e-16, 5.11325719794, 1, 0.093957807009, 21.0, industrial.top_bin_right_02
right_arm_TRRT, 0.238209412, 1, 0.101782876, 0.007318, 0.0, 5.41305279974, 1, 0.105053052306, 0.129019, 2.43498277806, 7.53890874377, 1, 0.0499611054124, 8.9536e-05, 4.27641460751e-16, 5.41305279974, 1, 0.101413394566, 31.0, industrial.top_bin_right_02
right_arm_TRRT, 0.319184935, 1, 0.115101999, 0.007138, 0.0, 5.87192778672, 1, 0.116966772825, 0.196851, 2.61161864233, 7.47222320741, 1, 0.0628184005618, 9.3936e-05, 6.125368409e-16, 5.87192778672, 1, 0.111458968757, 41.0, industrial.top_bin_right_02
right_arm_TRRT, 0.229508238, 1, 0.095931787, 0.007522, 0.0, 5.88272321959, 1, 0.116910420358, 0.125958, 2.38555555535, 7.11502034566, 1, 0.0550777429545, 9.6451e-05, 3.67522104295e-16, 5.88272321959, 1, 0.111369242956, 51.0, industrial.top_bin_right_02
right_arm_TRRT, 0.238348465, 1, 0.114504906, 0.007146, 0.0, 5.31241687496, 1, 0.102379314601, 0.116609, 3.36233698884, 8.02310926512, 1, 0.0806209597116, 8.8559e-05, 2.30268478889e-16, 5.31241687496, 1, 0.099048330966, 61.0, industrial.top_bin_right_02
right_arm_TRRT, 0.201998102, 1, 0.101175676, 0.007057, 0.0, 5.85911869676, 1, 0.116876523942, 0.093671, 3.83897361934, 8.05273835002, 1, 0.0590280339432, 9.4426e-05, 3.36895262372e-16, 5.85911869676, 1, 0.111355254105, 71.0, industrial.top_bin_right_02
right_arm_TRRT, 0.21902506, 1, 0.099183425, 0.007123, 0.0, 5.86733221843, 1, 0.117097109556, 0.112624, 3.99854881895, 8.46800878732, 1, 0.0762352280032, 9.4635e-05, 5.51283156743e-16, 5.86733221843, 1, 0.111641398792, 81.0, industrial.top_bin_right_02
right_arm_TRRT, 0.251217209, 1, 0.098903295, 0.007233, 0.0, 5.8818733973, 1, 0.117065213621, 0.144986, 5.26432343136, 8.24770690826, 1, 0.0634992689205, 9.4914e-05, 4.59402630334e-16, 5.8818733973, 1, 0.111590709409, 91.0, industrial.top_bin_right_02
right_arm_TRRT, 0.262250948, 1, 0.094511938, 0.008565, 0.0, 5.85410683174, 1, 0.116820324212, 0.159077, 1.99014294454, 6.66421313857, 1, 0.0701755317436, 9.701e-05, 9.18805261759e-17, 5.85410683174, 1, 0.111240269552, 1.0, industrial.top_bin_right_02
right_arm_TRRT, 0.267679082, 1, 0.101952888, 0.007149, 0.0, 5.85985232722, 1, 0.117132317275, 0.158482, 4.67593436289, 8.56759084825, 1, 0.0743096889212, 9.5194e-05, 2.14387894274e-16, 5.85985232722, 1, 0.111705145959, 11.0, industrial.top_bin_right_02
right_arm_TRRT, 0.280504594, 1, 0.098419191, 0.007728, 0.0, 5.8719579175, 1, 0.116751398891, 0.174262, 4.10420965702, 8.3998129889, 1, 0.0673843005983, 9.5403e-05, 2.45014736333e-16, 5.8719579175, 1, 0.111133884253, 21.0, industrial.top_bin_right_02
right_arm_TRRT, 0.237895199, 1, 0.09424985, 0.007704, 0.0, 5.34748421824, 1, 0.103196561337, 0.135853, 1.85606420288, 7.75270706313, 1, 0.0588799010341, 8.8349e-05, 3.94745963872e-16, 5.34748421824, 1, 0.0998889958417, 31.0, industrial.top_bin_right_02
right_arm_TRRT, 0.274235854, 1, 0.097216495, 0.007206, 0.0, 5.87159628945, 1, 0.117147509009, 0.169716, 3.88093959796, 8.49780527017, 1, 0.0757847571125, 9.7359e-05, 3.0626842041e-16, 5.87159628945, 1, 0.111705280583, 41.0, industrial.top_bin_right_02
right_arm_TRRT, 0.264443754, 1, 0.10586012, 0.007122, 0.0, 5.85199931526, 1, 0.11684640497, 0.151367, 6.16538106498, 8.95079506516, 1, 0.0688916229858, 9.4634e-05, 4.90029472393e-16, 5.85199931526, 1, 0.111267753202, 51.0, industrial.top_bin_right_02
right_arm_TRRT, 0.283060643, 1, 0.098476662, 0.007111, 0.0, 5.67600110618, 1, 0.111815098673, 0.177381, 4.48820498943, 8.38718433054, 1, 0.0576180358573, 9.1981e-05, 4.44089209285e-16, 5.67600110618, 1, 0.107263353786, 61.0, industrial.top_bin_right_02
right_arm_TRRT, 0.306803746, 1, 0.103937549, 0.007262, 0.0, 5.86490952977, 1, 0.117009412497, 0.195506, 4.25597077362, 8.2993835407, 1, 0.0662042144686, 9.8197e-05, 4.59402630703e-16, 5.86490952977, 1, 0.111484300731, 71.0, industrial.top_bin_right_02
right_arm_TRRT, 0.263732419, 1, 0.106085365, 0.007128, 0.0, 5.87093679448, 1, 0.116932958364, 0.150424, 3.89543024248, 9.1562669192, 1, 0.0633696217376, 9.5054e-05, 3.36895262509e-16, 5.87093679448, 1, 0.111418070207, 81.0, industrial.top_bin_right_02
right_arm_TRRT, 0.42398974, 1, 0.098304616, 0.007191, 0.0, 5.86730262289, 1, 0.117156766355, 0.318399, 2.77647902433, 8.55562978484, 1, 0.0632755952672, 9.5124e-05, 2.45014736196e-16, 5.86730262289, 1, 0.111696180342, 91.0, industrial.top_bin_right_02
