planner_type, total_time, solved, process_time, path_simplify_time, path_simplify_smoothness, path_simplify_length, path_simplify_correct, path_simplify_clearance, path_plan_time, path_plan_smoothness, path_plan_length, path_plan_correct, path_plan_clearance, path_interpolate_time, path_interpolate_smoothness, path_interpolate_length, path_interpolate_correct, path_interpolate_clearance, param_temp_change_factor, param_range, param_min_temperature, param_max_states_failed, param_k_constant, param_frontier_threshold, param_frontier_node_ratio, goal_name
right_arm_TRRT, 21.72262171, 1, 0.144885208, 0.284799, 0.186173917678, 15.4135514035, 0, 0.0622054287119, 21.292793, 5.57520760663, 40.2687766489, 1, 0.0636064621996, 0.000144502, 0.113927322758, 15.4135514035, 0, 0.0669015243983, 2.0, 0.37, 1e-11, 1000.0, 0.001, 0.107622, 0.1, industrial.oven_01
right_arm_TRRT, 11.946910223, 1, 0.127100252, 0.153453, 0.287906691131, 14.864503533, 1, 0.0489501449576, 11.66623, 5.54114892799, 28.6338735164, 1, 0.0590109181767, 0.000126971, 0.14001782775, 14.864503533, 1, 0.0591889037049, 20.0, 0.37, 1e-09, 1000.0, 0.001, 0.2, 0.05, industrial.oven_01
right_arm_TRRT, 10.110186083, 1, 0.139595858, 0.277945, 0.760032614469, 14.4370753854, 1, 0.0471950350911, 9.692586, 6.16344651955, 24.7511532228, 1, 0.0763702209294, 5.9225e-05, 0.631886125514, 14.4370753854, 0, 0.0462500314397, 20.0, 0.5, 1e-09, 1000.0, 0.000428155, 0.107622, 0.1, industrial.oven_01
right_arm_TRRT, 20.366312922, 1, 0.147481938, 0.279446, 0.514266073724, 18.6830521426, 1, 0.0440821806643, 19.939268, 7.30930820991, 45.1615899907, 1, 0.0826298512137, 0.000116984, 0.340850769794, 18.6830521426, 1, 0.0539584949973, 20.0, 0.5, 1e-11, 10.0, 0.001, 0.107622, 0.05, industrial.oven_01
right_arm_TRRT, 13.843133544, 1, 0.145305887, 0.262514, 0.662138024968, 16.3745272931, 0, 0.0473041141249, 13.435198, 6.52495184869, 42.1277172939, 1, 0.0831996522844, 0.000115657, 0.41635881244, 16.3745272931, 0, 0.063453609785, 2.0, 0.5, 1e-11, 1000.0, 0.000428155, 0.2, 0.05, industrial.oven_01
right_arm_TRRT, 4.395351467, 1, 0.141364502, 0.278638, 0.434930960433, 15.6342401374, 0, 0.0429475103842, 3.975272, 5.84264071844, 25.7323188287, 1, 0.0561299378271, 7.6965e-05, 0.332931375198, 15.6342401374, 0, 0.0442021456543, 20.0, 0.37, 1e-11, 10.0, 0.000428155, 0.2, 0.1, industrial.oven_01
right_arm_TRRT, 8.040229139, 1, 0.119117863, 0.2819, 0.115622747954, 14.3977116199, 1, 0.0478280686028, 7.639104, 5.11416009078, 28.2227721344, 1, 0.0622211666778, 0.000107276, 0.0542434485577, 14.3977116199, 1, 0.0449400467431, 2.0, 0.5, 1e-09, 10.0, 0.001, 0.2, 0.1, industrial.oven_01
right_arm_TRRT, 30.354845474, 1, 0.127738055, 0.293156, 0.47689079483, 12.8163713504, 0, 0.0512688916151, 29.933885, 4.86522095491, 26.722573911, 1, 0.076888349772, 6.6419e-05, 0.323689413572, 12.8163713504, 0, 0.0518355962911, 2.0, 0.37, 1e-09, 10.0, 0.000428155, 0.107622, 0.05, industrial.oven_01
right_arm_TRRT, 30.636025709, 1, 0.138256833, 0.281789, 0.4266849355, 13.5048741861, 1, 0.046634119693, 30.215965, 3.85145174704, 19.1599830591, 1, 0.0588999179006, 1.4876e-05, 0.4266849355, 13.5048741861, 1, 0.046634119693, 2.0, 0.37, 1e-11, 1000.0, 0.001, 0.107622, 0.1, industrial.oven_01
right_arm_TRRT, 12.939706781, 1, 0.172792619, 0.421796, 0.184114319172, 17.8084673322, 1, 0.0448721257823, 12.345097, 6.58632566302, 36.5465501571, 1, 0.064658901674, 2.1162e-05, 0.184114319172, 17.8084673322, 1, 0.0448721257823, 20.0, 0.37, 1e-09, 1000.0, 0.001, 0.2, 0.05, industrial.oven_01
right_arm_TRRT, 12.585399233, 1, 0.138187252, 0.229338, 0.451296939406, 17.8819677372, 1, 0.045868140827, 12.217738, 6.05193588776, 40.7407636155, 1, 0.0551857014652, 0.000135981, 0.247564902525, 17.8819677372, 1, 0.0575680052739, 20.0, 0.5, 1e-09, 1000.0, 0.000428155, 0.107622, 0.1, industrial.oven_01
right_arm_TRRT, 6.309383895, 1, 0.142445584, 0.341512, 0.39276702268, 17.0836445539, 1, 0.04230294153, 5.825374, 6.42718119068, 35.8452085214, 1, 0.0718782003695, 5.2311e-05, 0.354581339919, 17.0836445539, 1, 0.0461136966729, 20.0, 0.5, 1e-11, 10.0, 0.001, 0.107622, 0.05, industrial.oven_01
right_arm_TRRT, 15.136233459, 1, 0.132119852, 0.299919, 0.135675798129, 12.228675187, 1, 0.0541853795341, 14.704149, 7.67318931404, 33.9333673261, 1, 0.0913548196073, 4.5607e-05, 0.116633580848, 12.228675187, 1, 0.0517759739601, 2.0, 0.5, 1e-11, 1000.0, 0.000428155, 0.2, 0.05, industrial.oven_01
right_arm_TRRT, 4.320644752, 1, 0.13459453, 0.276612, 0.157784700931, 14.7401361541, 1, 0.0387273789122, 3.909382, 5.29740993984, 22.1467589531, 1, 0.0541716681328, 5.6222e-05, 0.126745087633, 14.7401361541, 1, 0.0431625294961, 20.0, 0.37, 1e-11, 10.0, 0.000428155, 0.2, 0.1, industrial.oven_01
right_arm_TRRT, 5.451119096, 1, 0.130510667, 0.207551, 0.328763831681, 15.1990346786, 1, 0.0468547794616, 5.112982, 7.40326729852, 33.6722095614, 1, 0.0730465497472, 7.5429e-05, 0.244082238672, 15.1990346786, 0, 0.0518982470261, 2.0, 0.5, 1e-09, 10.0, 0.001, 0.2, 0.1, industrial.oven_01
right_arm_TRRT, 21.13157693, 1, 0.132922797, 0.238571, 0.558395207946, 14.0975789345, 1, 0.0495029251953, 20.759979, 5.36865552077, 25.6522824401, 1, 0.0493757834809, 0.000104133, 0.328970173543, 14.0975789345, 1, 0.0501931599065, 2.0, 0.37, 1e-09, 10.0, 0.000428155, 0.107622, 0.05, industrial.oven_01
right_arm_TRRT, 13.11527318, 1, 0.124537, 0.007839, 0.0, 7.54426836025, 1, 0.0867504375055, 12.982792, 5.90099041633, 17.143494788, 1, 0.0507544509095, 0.00010518, 4.96335001726e-16, 7.54426836025, 1, 0.0497128717766, 2.0, 0.37, 1e-11, 1000.0, 0.001, 0.107622, 0.1, industrial.top_bin_left_01
right_arm_TRRT, 1.038035914, 1, 0.101256127, 0.007863, 0.0, 7.54465244173, 1, 0.0867496011779, 0.92881, 5.07532546631, 14.8832663345, 1, 0.0686128479429, 0.000106787, 4.70212107443e-16, 7.54465244173, 1, 0.0493397083517, 20.0, 0.37, 1e-09, 1000.0, 0.001, 0.2, 0.05, industrial.top_bin_left_01
right_arm_TRRT, 1.621294577, 1, 0.095371602, 0.007859, 0.0, 7.54935880861, 1, 0.0868908790872, 1.517956, 4.61072804209, 16.8220715186, 1, 0.0631264084334, 0.000107975, 3.65720527e-16, 7.54935880861, 1, 0.0494978551972, 20.0, 0.5, 1e-09, 1000.0, 0.000428155, 0.107622, 0.1, industrial.top_bin_left_01
right_arm_TRRT, 0.456301743, 1, 0.109440396, 0.007872, 0.0, 7.53292166828, 1, 0.0867563225329, 0.338882, 3.45056000834, 11.4688728561, 1, 0.0622561159185, 0.000107347, 3.3959763313e-16, 7.53292166828, 1, 0.0494792400585, 20.0, 0.5, 1e-11, 10.0, 0.001, 0.107622, 0.05, industrial.top_bin_left_01
right_arm_TRRT, 6.833032676, 1, 0.088831705, 0.007813, 0.0, 7.53923951378, 1, 0.0868076570332, 6.736283, 2.45939099297, 10.2878252958, 1, 0.0666521372782, 0.000104971, 5.48580791534e-16, 7.53923951378, 1, 0.0496410723392, 2.0, 0.5, 1e-11, 1000.0, 0.000428155, 0.2, 0.05, industrial.top_bin_left_01
right_arm_TRRT, 19.645874173, 1, 0.107360992, 0.007933, 0.0, 7.55079698692, 1, 0.0868118992075, 19.530475, 4.81073884311, 31.6691799489, 1, 0.0715745805149, 0.000105181, 2.87351843322e-16, 7.55079698692, 1, 0.0494365102392, 20.0, 0.37, 1e-11, 10.0, 0.000428155, 0.2, 0.1, industrial.top_bin_left_01
right_arm_TRRT, 0.351120277, 1, 0.103849674, 0.007878, 0.0, 7.51886492844, 1, 0.0867508528754, 0.239284, 2.54516012225, 9.01854245325, 1, 0.0556470002979, 0.000108603, 3.65720527354e-16, 7.51886492844, 1, 0.0497064931209, 2.0, 0.5, 1e-09, 10.0, 0.001, 0.2, 0.1, industrial.top_bin_left_01
right_arm_TRRT, 3.820083264, 1, 0.104597619, 0.082832, 0.015043121797, 8.22729855855, 1, 0.0490768542513, 3.63255, 5.48070651839, 14.817946458, 1, 0.0541493983964, 0.000103645, 0.00200290497498, 8.22729855855, 1, 0.0714405736102, 2.0, 0.37, 1e-09, 10.0, 0.000428155, 0.107622, 0.05, industrial.top_bin_left_01
right_arm_TRRT, 0.775609593, 1, 0.095384666, 0.008034, 0.0, 7.56323215846, 1, 0.086781845428, 0.672084, 3.69495564543, 11.712970227, 1, 0.0521916765138, 0.000106927, 2.61228948212e-16, 7.56323215846, 1, 0.0496963013018, 2.0, 0.37, 1e-11, 1000.0, 0.001, 0.107622, 0.1, industrial.top_bin_left_01
right_arm_TRRT, 6.898402301, 1, 0.108859679, 0.007946, 0.0, 7.53976036636, 1, 0.086723591201, 6.781492, 4.68998739772, 15.1378960503, 1, 0.0570171933029, 0.000104622, 3.65720527e-16, 7.53976036636, 1, 0.0497184314436, 20.0, 0.37, 1e-09, 1000.0, 0.001, 0.2, 0.05, industrial.top_bin_left_01
right_arm_TRRT, 4.462003162, 1, 0.104051191, 0.007908, 0.0, 7.53863126328, 1, 0.0866848696023, 4.349939, 3.8541690215, 14.8664952454, 1, 0.0613117598696, 0.000104971, 5.7470368499e-16, 7.53863126328, 1, 0.0496080114287, 20.0, 0.5, 1e-09, 1000.0, 0.000428155, 0.107622, 0.1, industrial.top_bin_left_01
right_arm_TRRT, 2.897073015, 1, 0.096396551, 0.008035, 0.0, 7.55126439831, 1, 0.0867767781019, 2.792533, 4.38279333226, 14.2680205975, 1, 0.0609057492266, 0.000108464, 2.87351843736e-16, 7.55126439831, 1, 0.0497533942792, 20.0, 0.5, 1e-11, 10.0, 0.001, 0.107622, 0.05, industrial.top_bin_left_01
right_arm_TRRT, 2.599586931, 1, 0.100206725, 0.007837, 0.0, 7.5800720834, 1, 0.0868175225332, 2.491436, 5.79752985874, 12.7085677576, 1, 0.0539421407649, 0.000107206, 5.22457896423e-16, 7.5800720834, 1, 0.0493946698878, 2.0, 0.5, 1e-11, 1000.0, 0.000428155, 0.2, 0.05, industrial.top_bin_left_01
right_arm_TRRT, 3.469405291, 1, 0.104681621, 0.007876, 0.0, 7.54188950338, 1, 0.0867822300643, 3.356742, 5.02663239177, 21.6447286606, 1, 0.0609969613865, 0.00010567, 4.17966316774e-16, 7.54188950338, 1, 0.0498079776161, 20.0, 0.37, 1e-11, 10.0, 0.000428155, 0.2, 0.1, industrial.top_bin_left_01
right_arm_TRRT, 0.400307749, 1, 0.099849076, 0.007894, 0.0, 7.53221179269, 1, 0.0867990311235, 0.292456, 6.81978294797, 11.8365241356, 1, 0.0597552885301, 0.000108673, 3.65720527414e-16, 7.53221179269, 1, 0.049475891406, 2.0, 0.5, 1e-09, 10.0, 0.001, 0.2, 0.1, industrial.top_bin_left_01
right_arm_TRRT, 40.08319459, 0, None, None, None, None, None, None, None, None, None, None, None, None, None, None, None, None, 2.0, 0.37, 1e-09, 10.0, 0.000428155, 0.107622, 0.05, industrial.top_bin_left_01
right_arm_TRRT, 23.404745254, 1, 0.104445283, 0.007817, 0.0, 7.53115693896, 1, 0.0868669040501, 23.292378, 4.17290569984, 9.45040609781, 1, 0.055492626237, 0.000104971, 3.3959763313e-16, 7.53115693896, 1, 0.0496964101022, 2.0, 0.37, 1e-11, 1000.0, 0.001, 0.107622, 0.1, industrial.top_bin_left_01
right_arm_TRRT, 22.533707186, 1, 0.111719774, 0.007841, 0.0, 7.5339298428, 1, 0.0867942711338, 22.414042, 5.77785930532, 19.0365083089, 1, 0.0750319697708, 0.000104412, 5.48580791061e-16, 7.5339298428, 1, 0.0495718418182, 20.0, 0.37, 1e-09, 1000.0, 0.001, 0.2, 0.05, industrial.top_bin_left_01
right_arm_TRRT, 40.084866797, 0, None, None, None, None, None, None, None, None, None, None, None, None, None, None, None, None, 20.0, 0.5, 1e-09, 1000.0, 0.000428155, 0.107622, 0.1, industrial.top_bin_left_01
right_arm_TRRT, 40.098462732, 0, None, None, None, None, None, None, None, None, None, None, None, None, None, None, None, None, 20.0, 0.5, 1e-11, 10.0, 0.001, 0.107622, 0.05, industrial.top_bin_left_01
right_arm_TRRT, 0.547005524, 1, 0.123525711, 0.007889, 0.0, 7.53185809785, 1, 0.0868450058624, 0.415482, 5.79403054823, 10.8413169352, 1, 0.0539299865874, 0.000108813, 4.44089212332e-16, 7.53185809785, 1, 0.0495737598771, 2.0, 0.5, 1e-11, 1000.0, 0.000428155, 0.2, 0.05, industrial.top_bin_left_01
right_arm_TRRT, 0.321485643, 1, 0.105341205, 0.00789, 0.0, 7.52673982279, 1, 0.0867517320439, 0.208148, 4.12737291309, 10.4267464621, 1, 0.0482587957134, 0.000106438, 3.39597632303e-16, 7.52673982279, 1, 0.0495374496643, 20.0, 0.37, 1e-11, 10.0, 0.000428155, 0.2, 0.1, industrial.top_bin_left_01
right_arm_TRRT, 36.170677715, 1, 0.100760373, 0.007913, 0.0, 7.53260541739, 1, 0.0867659216747, 36.0619, 5.80457553059, 15.1261227671, 1, 0.0629857644439, 0.000104342, 2.61228948625e-16, 7.53260541739, 1, 0.0496758132187, 2.0, 0.5, 1e-09, 10.0, 0.001, 0.2, 0.1, industrial.top_bin_left_01
right_arm_TRRT, 5.536901729, 1, 0.123984176, 0.007956, 0.0, 7.53505531574, 1, 0.0868309233338, 5.404857, 5.63507785213, 15.6104826377, 1, 0.0653102946956, 0.000104553, 2.87351842081e-16, 7.53505531574, 1, 0.0495036286028, 2.0, 0.37, 1e-09, 10.0, 0.000428155, 0.107622, 0.05, industrial.top_bin_left_01
right_arm_TRRT, 0.403580511, 1, 0.101320559, 0.007974, 0.0, 7.53219503702, 1, 0.0867347177118, 0.294177, 5.8224148022, 11.3554952851, 1, 0.0469655776978, 0.000108952, 1.82860263707e-16, 7.53219503702, 1, 0.0495415389373, 2.0, 0.37, 1e-11, 1000.0, 0.001, 0.107622, 0.1, industrial.top_bin_left_01
right_arm_TRRT, 2.115072804, 1, 0.102689855, 0.008022, 0.0, 7.55649200697, 1, 0.0868325540796, 2.004255, 5.62302064653, 14.2235943932, 1, 0.0598800452916, 0.000105949, 3.65720528241e-16, 7.55649200697, 1, 0.0495859239908, 20.0, 0.37, 1e-09, 1000.0, 0.001, 0.2, 0.05, industrial.top_bin_left_01
right_arm_TRRT, 0.317443583, 1, 0.095965516, 0.007916, 0.0, 7.54316158116, 1, 0.0867708483711, 0.213455, 4.4184646497, 10.3475953285, 1, 0.0410857275904, 0.000107067, 2.61228948625e-16, 7.54316158116, 1, 0.0499474778497, 20.0, 0.5, 1e-09, 1000.0, 0.000428155, 0.107622, 0.1, industrial.top_bin_left_01
right_arm_TRRT, 0.381198613, 1, 0.099199451, 0.007898, 0.0, 7.53347525073, 1, 0.0866932338104, 0.273992, 6.46635007089, 15.2928109841, 1, 0.053549534292, 0.000109162, 5.48580790293e-16, 7.53347525073, 1, 0.0495537534794, 20.0, 0.5, 1e-11, 10.0, 0.001, 0.107622, 0.05, industrial.top_bin_left_01
right_arm_TRRT, 3.327628817, 1, 0.106791659, 0.00783, 0.0, 7.56212013449, 1, 0.0868066418916, 3.212901, 3.6759268934, 10.6624799118, 1, 0.0551001023162, 0.000106158, 5.22457896837e-16, 7.56212013449, 1, 0.0493974490913, 2.0, 0.5, 1e-11, 1000.0, 0.000428155, 0.2, 0.05, industrial.top_bin_left_01
right_arm_TRRT, 40.090781796, 0, None, None, None, None, None, None, None, None, None, None, None, None, None, None, None, None, 20.0, 0.37, 1e-11, 10.0, 0.000428155, 0.2, 0.1, industrial.top_bin_left_01
right_arm_TRRT, 0.583781848, 1, 0.133702128, 0.007931, 0.0, 7.53558640818, 1, 0.086895050481, 0.442039, 3.24661416502, 12.5717038118, 1, 0.0763964461019, 0.00010972, 3.39597632243e-16, 7.53558640818, 1, 0.0496279670145, 2.0, 0.5, 1e-09, 10.0, 0.001, 0.2, 0.1, industrial.top_bin_left_01
right_arm_TRRT, 0.870271141, 1, 0.099030868, 0.007856, 0.0, 7.52569960857, 1, 0.0866839084774, 0.76328, 3.82875607833, 11.7876563947, 1, 0.0637894714361, 0.000104273, 1.56737368182e-16, 7.52569960857, 1, 0.0497180545045, 2.0, 0.37, 1e-09, 10.0, 0.000428155, 0.107622, 0.05, industrial.top_bin_left_01
right_arm_TRRT, 1.237555768, 1, 0.126386158, 0.00702, 0.0, 5.71067265315, 1, 0.105342775583, 1.104057, 5.50442868133, 13.5142355484, 1, 0.0601905776482, 9.261e-05, 7.96297894712e-16, 5.71067265315, 1, 0.0936208403316, 2.0, 0.37, 1e-11, 1000.0, 0.001, 0.107622, 0.1, industrial.top_bin_right_01
right_arm_TRRT, 0.334545335, 1, 0.103151561, 0.007012, 0.0, 5.72626366782, 1, 0.105371065438, 0.224287, 2.02735399, 9.47438245387, 1, 0.064646142801, 9.4774e-05, 1.83761052215e-16, 5.72626366782, 1, 0.0937087386847, 20.0, 0.37, 1e-09, 1000.0, 0.001, 0.2, 0.05, industrial.top_bin_right_01
right_arm_TRRT, 0.244945044, 1, 0.091959689, 0.006982, 0.0, 5.71759817388, 1, 0.105378575623, 0.145909, 2.299710739, 7.74451475112, 1, 0.0619968242943, 9.4355e-05, 2.75641578351e-16, 5.71759817388, 1, 0.0937365337179, 20.0, 0.5, 1e-09, 1000.0, 0.000428155, 0.107622, 0.1, industrial.top_bin_right_01
right_arm_TRRT, 0.388652845, 1, 0.09886742, 0.007007, 0.0, 5.71872619111, 1, 0.105387862772, 0.282684, 4.08424115909, 13.2601081987, 1, 0.0812501364521, 9.4425e-05, 5.81909998296e-16, 5.71872619111, 1, 0.0937135348032, 20.0, 0.5, 1e-11, 10.0, 0.001, 0.107622, 0.05, industrial.top_bin_right_01
right_arm_TRRT, 0.229864916, 1, 0.101516189, 0.006991, 0.0, 5.71197192628, 1, 0.105673365295, 0.121264, 1.7472835736, 7.28577674051, 1, 0.0592399102946, 9.3727e-05, 6.43163684005e-16, 5.71197192628, 1, 0.0942126098892, 2.0, 0.5, 1e-11, 1000.0, 0.000428155, 0.2, 0.05, industrial.top_bin_right_01
right_arm_TRRT, 0.375357442, 1, 0.099703785, 0.007004, 0.0, 5.69766236582, 1, 0.105516470969, 0.268556, 3.57513114877, 9.19352102326, 1, 0.0656998534329, 9.3657e-05, 4.2877578876e-16, 5.69766236582, 1, 0.0939780072919, 20.0, 0.37, 1e-11, 10.0, 0.000428155, 0.2, 0.1, industrial.top_bin_right_01
right_arm_TRRT, 0.225252178, 1, 0.090517521, 0.007042, 0.0, 5.72326047756, 1, 0.105468131602, 0.127599, 3.30929120447, 9.03760852266, 1, 0.0488306910477, 9.3657e-05, 6.43163682413e-16, 5.72326047756, 1, 0.0938579545453, 2.0, 0.5, 1e-09, 10.0, 0.001, 0.2, 0.1, industrial.top_bin_right_01
right_arm_TRRT, 0.26170388, 1, 0.097383966, 0.00702, 0.0, 5.7029929116, 1, 0.105339817703, 0.157205, 5.14479193259, 9.34388232313, 1, 0.0561655699941, 9.4914e-05, 5.20656316594e-16, 5.7029929116, 1, 0.0936356148329, 2.0, 0.37, 1e-09, 10.0, 0.000428155, 0.107622, 0.05, industrial.top_bin_right_01
right_arm_TRRT, 0.256652683, 1, 0.110302258, 0.006997, 0.0, 5.7123204736, 1, 0.105676591396, 0.139259, 4.25393656347, 7.89060459901, 1, 0.0631943627571, 9.4425e-05, 7.04417370335e-16, 5.7123204736, 1, 0.0942262316058, 2.0, 0.37, 1e-11, 1000.0, 0.001, 0.107622, 0.1, industrial.top_bin_right_01
right_arm_TRRT, 0.375973509, 1, 0.097787992, 0.006993, 0.0, 5.71077847122, 1, 0.105413187295, 0.271099, 2.60447360868, 7.54646063762, 1, 0.0547502763414, 9.3517e-05, 6.12536842567e-16, 5.71077847122, 1, 0.0937598303988, 20.0, 0.37, 1e-09, 1000.0, 0.001, 0.2, 0.05, industrial.top_bin_right_01
right_arm_TRRT, 0.320045725, 1, 0.12435495, 0.006983, 0.0, 5.71113168927, 1, 0.105629377067, 0.188613, 0.74840245345, 6.20039304603, 1, 0.0608098143712, 9.4775e-05, 2.75641579846e-16, 5.71113168927, 1, 0.0940954936989, 20.0, 0.5, 1e-09, 1000.0, 0.000428155, 0.107622, 0.1, industrial.top_bin_right_01
right_arm_TRRT, 0.398313429, 1, 0.092554352, 0.00697, 0.0, 5.70616444433, 1, 0.105559170246, 0.298695, 5.90673410151, 9.53102307437, 1, 0.0770536981523, 9.4077e-05, 3.98148947323e-16, 5.70616444433, 1, 0.0940351856166, 20.0, 0.5, 1e-11, 10.0, 0.001, 0.107622, 0.05, industrial.top_bin_right_01
right_arm_TRRT, 0.279925749, 1, 0.091619463, 0.007009, 0.0, 5.70589778377, 1, 0.10557256639, 0.181203, 4.53957046542, 9.20826544117, 1, 0.0838176547126, 9.4286e-05, 3.36895262721e-16, 5.70589778377, 1, 0.0940173142429, 2.0, 0.5, 1e-11, 1000.0, 0.000428155, 0.2, 0.05, industrial.top_bin_right_01
right_arm_TRRT, 0.316363413, 1, 0.099287988, 0.007012, 0.0, 5.7094118235, 1, 0.105412647128, 0.209969, 2.40859138305, 8.55599346886, 1, 0.0789782009446, 9.4425e-05, 6.73790525675e-16, 5.7094118235, 1, 0.0937379598618, 20.0, 0.37, 1e-11, 10.0, 0.000428155, 0.2, 0.1, industrial.top_bin_right_01
right_arm_TRRT, 0.229544767, 1, 0.095455767, 0.007001, 0.0, 5.16963343538, 1, 0.0888286549598, 0.127, 4.15928736054, 8.11765425054, 1, 0.059571416676, 8.8e-05, 5.92118947444e-16, 5.16963343538, 1, 0.0787466564388, 2.0, 0.5, 1e-09, 10.0, 0.001, 0.2, 0.1, industrial.top_bin_right_01
right_arm_TRRT, 0.260734899, 1, 0.089083893, 0.006986, 0.0, 5.72577140678, 1, 0.105518624187, 0.164571, 1.18035260906, 6.90770487219, 1, 0.0646207476543, 9.4006e-05, 5.51283156374e-16, 5.72577140678, 1, 0.0939764290534, 2.0, 0.37, 1e-09, 10.0, 0.000428155, 0.107622, 0.05, industrial.top_bin_right_01
right_arm_TRRT, 0.26770052, 1, 0.093042815, 0.006992, 0.0, 5.72428938671, 1, 0.105422630906, 0.167571, 3.07867368918, 7.65677915715, 1, 0.0527094673986, 9.4705e-05, 1.53134210157e-16, 5.72428938671, 1, 0.0938129124456, 2.0, 0.37, 1e-11, 1000.0, 0.001, 0.107622, 0.1, industrial.top_bin_right_01
right_arm_TRRT, 0.227036339, 1, 0.092491146, 0.007029, 0.0, 5.71870231342, 1, 0.105442848057, 0.127421, 2.79523219222, 7.32963179751, 1, 0.0685899184706, 9.5193e-05, 6.12536840491e-16, 5.71870231342, 1, 0.0937839553788, 20.0, 0.37, 1e-09, 1000.0, 0.001, 0.2, 0.05, industrial.top_bin_right_01
right_arm_TRRT, 0.255460974, 1, 0.095481897, 0.006984, 0.0, 5.71053782534, 1, 0.105414833874, 0.152901, 4.06399895738, 8.35529197571, 1, 0.0563743108884, 9.4077e-05, 5.51283157965e-16, 5.71053782534, 1, 0.0937724406349, 20.0, 0.5, 1e-09, 1000.0, 0.000428155, 0.107622, 0.1, industrial.top_bin_right_01
right_arm_TRRT, 0.410587614, 1, 0.099503512, 0.009966, 0.0, 5.72710440617, 1, 0.105434946716, 0.301022, 3.39427186106, 9.08265153618, 1, 0.0561824327335, 9.6102e-05, 5.81909998529e-16, 5.72710440617, 1, 0.0937336929913, 20.0, 0.5, 1e-11, 10.0, 0.001, 0.107622, 0.05, industrial.top_bin_right_01
right_arm_TRRT, 0.164389546, 1, 0.094645542, 0.006998, 0.0, 5.46904960441, 1, 0.0986835118383, 0.062655, 3.55180163254, 7.46329085176, 1, 0.0714169057707, 9.1004e-05, 5.70971844209e-16, 5.46904960441, 1, 0.0880682093224, 2.0, 0.5, 1e-11, 1000.0, 0.000428155, 0.2, 0.05, industrial.top_bin_right_01
right_arm_TRRT, 0.659193043, 1, 0.095972897, 0.007016, 0.0, 5.69498539068, 1, 0.105516150594, 0.55611, 3.96358278965, 13.2342358202, 1, 0.059678955521, 9.4146e-05, 5.8191000113e-16, 5.69498539068, 1, 0.0938975882941, 20.0, 0.37, 1e-11, 10.0, 0.000428155, 0.2, 0.1, industrial.top_bin_right_01
right_arm_TRRT, 0.264997873, 1, 0.100175749, 0.007004, 0.0, 5.70438075132, 1, 0.105615634471, 0.157723, 2.89595145827, 9.27543204156, 1, 0.0975967716426, 9.5124e-05, 9.49432104026e-16, 5.70438075132, 1, 0.0941203776105, 2.0, 0.5, 1e-09, 10.0, 0.001, 0.2, 0.1, industrial.top_bin_right_01
right_arm_TRRT, 0.29319378, 1, 0.092532357, 0.007031, 0.0, 5.37497414594, 1, 0.0953555330634, 0.193539, 4.61824148381, 9.8075352483, 1, 0.0515932205931, 9.1423e-05, 9.19899078704e-16, 5.37497414594, 1, 0.0850006033267, 2.0, 0.37, 1e-09, 10.0, 0.000428155, 0.107622, 0.05, industrial.top_bin_right_01
right_arm_TRRT, 0.186790372, 1, 0.105971156, 0.006989, 0.0, 5.73175921332, 1, 0.105428174138, 0.073736, 3.30159312295, 8.55767071372, 1, 0.0637118003259, 9.4216e-05, 3.67522104158e-16, 5.73175921332, 1, 0.0937990903341, 2.0, 0.37, 1e-11, 1000.0, 0.001, 0.107622, 0.1, industrial.top_bin_right_01
right_arm_TRRT, 0.233490025, 1, 0.093591437, 0.007001, 0.0, 5.71344083514, 1, 0.105352729559, 0.132804, 0.766106148503, 6.54902568253, 1, 0.0530031914399, 9.3588e-05, 5.51283158031e-16, 5.71344083514, 1, 0.0936194144446, 20.0, 0.37, 1e-09, 1000.0, 0.001, 0.2, 0.05, industrial.top_bin_right_01
right_arm_TRRT, 0.606137416, 1, 0.096530178, 0.006968, 0.0, 5.7027250594, 1, 0.105314519256, 0.502546, 2.87245440796, 9.48376561009, 1, 0.0653971062042, 9.3238e-05, 7.35044210176e-16, 5.7027250594, 1, 0.0935947301573, 20.0, 0.5, 1e-09, 1000.0, 0.000428155, 0.107622, 0.1, industrial.top_bin_right_01
right_arm_TRRT, 0.20424448, 1, 0.097018161, 0.007021, 0.0, 5.68886424666, 1, 0.10551764816, 0.100103, 3.60207666083, 7.6195393034, 1, 0.0777427914242, 0.000102319, 4.59402631925e-16, 5.68886424666, 1, 0.0939536097235, 20.0, 0.5, 1e-11, 10.0, 0.001, 0.107622, 0.05, industrial.top_bin_right_01
right_arm_TRRT, 0.175504931, 1, 0.090762575, 0.007006, 0.0, 5.71833221201, 1, 0.105373010039, 0.077642, 3.6466150059, 9.21258748666, 1, 0.070708477531, 9.4356e-05, 1.83761052079e-16, 5.71833221201, 1, 0.0937178831162, 2.0, 0.5, 1e-11, 1000.0, 0.000428155, 0.2, 0.05, industrial.top_bin_right_01
right_arm_TRRT, 0.236040074, 1, 0.097094858, 0.006992, 0.0, 5.70094183753, 1, 0.105626624078, 0.131859, 1.33555605903, 6.58576625204, 1, 0.0744572122666, 9.4216e-05, 4.90029473429e-16, 5.70094183753, 1, 0.0941260598343, 20.0, 0.37, 1e-11, 10.0, 0.000428155, 0.2, 0.1, industrial.top_bin_right_01
right_arm_TRRT, 0.235247724, 1, 0.093686229, 0.006992, 0.0, 5.7042702479, 1, 0.105366200209, 0.134475, 3.80575307192, 8.07638157737, 1, 0.0739781498909, 9.4495e-05, 1.83761052079e-16, 5.7042702479, 1, 0.0936274746883, 2.0, 0.5, 1e-09, 10.0, 0.001, 0.2, 0.1, industrial.top_bin_right_01
right_arm_TRRT, 0.297398015, 1, 0.090996472, 0.007076, 0.0, 5.70397300881, 1, 0.10547979176, 0.19923, 2.28275859739, 8.872860767, 1, 0.06393009983, 9.5543e-05, 6.73790525508e-16, 5.70397300881, 1, 0.0938514319473, 2.0, 0.37, 1e-09, 10.0, 0.000428155, 0.107622, 0.05, industrial.top_bin_right_01
right_arm_TRRT, 0.252359605, 1, 0.094946948, 0.007002, 0.0, 5.68800410039, 1, 0.105608981103, 0.150317, 2.93275361397, 8.32989119589, 1, 0.0616343707706, 9.3657e-05, 8.57551577754e-16, 5.68800410039, 1, 0.0940637729805, 2.0, 0.37, 1e-11, 1000.0, 0.001, 0.107622, 0.1, industrial.top_bin_right_01
right_arm_TRRT, 0.314648394, 1, 0.091369039, 0.00708, 0.0, 5.7329810142, 1, 0.105282656848, 0.216105, 3.32882785036, 7.73638596672, 1, 0.0701880129054, 9.4355e-05, 6.43163682646e-16, 5.7329810142, 1, 0.093542736409, 20.0, 0.37, 1e-09, 1000.0, 0.001, 0.2, 0.05, industrial.top_bin_right_01
right_arm_TRRT, 0.184595754, 1, 0.102085027, 0.00698, 0.0, 5.54271814133, 1, 0.100341651589, 0.075437, 2.92431220079, 7.2108831411, 1, 0.0802456042729, 9.3727e-05, 6.73790527402e-16, 5.54271814133, 1, 0.089617302577, 20.0, 0.5, 1e-09, 1000.0, 0.000428155, 0.107622, 0.1, industrial.top_bin_right_01
right_arm_TRRT, 0.202741566, 1, 0.091643699, 0.007008, 0.0, 5.73209162059, 1, 0.105382610112, 0.103996, 1.46136235895, 6.90647253211, 1, 0.0723046143022, 9.3867e-05, 3.36895262236e-16, 5.73209162059, 1, 0.0937053630578, 20.0, 0.5, 1e-11, 10.0, 0.001, 0.107622, 0.05, industrial.top_bin_right_01
right_arm_TRRT, 1.774619243, 1, 0.098805961, 0.006975, 0.0, 5.713265084, 1, 0.10562511906, 1.668747, 4.16980284662, 12.8962430665, 1, 0.0632763222924, 9.1282e-05, 5.81909999402e-16, 5.713265084, 1, 0.0941539373377, 2.0, 0.5, 1e-11, 1000.0, 0.000428155, 0.2, 0.05, industrial.top_bin_right_01
right_arm_TRRT, 0.238989192, 1, 0.097858674, 0.007023, 0.0, 5.71924289008, 1, 0.105340160429, 0.134014, 4.2439794817, 8.76458573639, 1, 0.0550795804996, 9.3518e-05, 2.75641578528e-16, 5.71924289008, 1, 0.0936487103845, 20.0, 0.37, 1e-11, 10.0, 0.000428155, 0.2, 0.1, industrial.top_bin_right_01
right_arm_TRRT, 0.181793228, 1, 0.093853927, 0.006997, 0.0, 5.0477227882, 1, 0.0839159963652, 0.080855, 4.31691191217, 7.41141740841, 1, 0.0697248600837, 8.7301e-05, 1.05265590129e-15, 5.0477227882, 1, 0.0746458345265, 2.0, 0.5, 1e-09, 10.0, 0.001, 0.2, 0.1, industrial.top_bin_right_01
right_arm_TRRT, 0.274925815, 1, 0.098167879, 0.00698, 0.0, 5.7163904743, 1, 0.105555906892, 0.169684, 3.64921010848, 8.19301343202, 1, 0.0536274740902, 9.3936e-05, 4.59402630198e-16, 5.7163904743, 1, 0.0940704240367, 2.0, 0.37, 1e-09, 10.0, 0.000428155, 0.107622, 0.05, industrial.top_bin_right_01
right_arm_TRRT, 0.192964413, 1, 0.098335899, 0.007007, 0.0, 5.38434010839, 1, 0.0961206350476, 0.087531, 3.80456217929, 8.07801322184, 1, 0.0549189685844, 9.0514e-05, 4.75809870569e-16, 5.38434010839, 1, 0.0858240784811, 2.0, 0.37, 1e-11, 1000.0, 0.001, 0.107622, 0.1, industrial.top_bin_right_01
right_arm_TRRT, 0.228453423, 1, 0.095607369, 0.006997, 0.0, 5.71582096514, 1, 0.105584152043, 0.125754, 5.50994695279, 10.3435203415, 1, 0.0659066962876, 9.5054e-05, 4.59402630198e-16, 5.71582096514, 1, 0.094039129286, 20.0, 0.37, 1e-09, 1000.0, 0.001, 0.2, 0.05, industrial.top_bin_right_01
right_arm_TRRT, 0.298098732, 1, 0.101950516, 0.006985, 0.0, 5.68966582228, 1, 0.10537160188, 0.189069, 6.66118867625, 10.6910408135, 1, 0.0771483681165, 9.4216e-05, 3.67522104158e-16, 5.68966582228, 1, 0.093687901723, 20.0, 0.5, 1e-09, 1000.0, 0.000428155, 0.107622, 0.1, industrial.top_bin_right_01
right_arm_TRRT, 0.19228039, 1, 0.096306743, 0.007025, 0.0, 4.94490589046, 1, 0.0803050072864, 0.088864, 5.74705859777, 9.07785681358, 1, 0.0731854300946, 8.4647e-05, 8.54017715196e-16, 4.94490589046, 1, 0.0716484436909, 20.0, 0.5, 1e-11, 10.0, 0.001, 0.107622, 0.05, industrial.top_bin_right_01
right_arm_TRRT, 0.18744185, 1, 0.095273075, 0.006972, 0.0, 5.69244995183, 1, 0.105596065521, 0.085102, 1.69674487069, 7.50591507527, 1, 0.050694550491, 9.4775e-05, 9.18805263851e-16, 5.69244995183, 1, 0.0940963094091, 2.0, 0.5, 1e-11, 1000.0, 0.000428155, 0.2, 0.05, industrial.top_bin_right_01
right_arm_TRRT, 0.227095222, 1, 0.099307726, 0.007025, 0.0, 5.71885328643, 1, 0.10560394451, 0.120668, 3.42402278104, 9.74363605211, 1, 0.0715552842865, 9.4496e-05, 5.51283156374e-16, 5.71885328643, 1, 0.0940972602573, 20.0, 0.37, 1e-11, 10.0, 0.000428155, 0.2, 0.1, industrial.top_bin_right_01
right_arm_TRRT, 0.288779875, 1, 0.09558445, 0.007007, 0.0, 5.70363637831, 1, 0.105348538607, 0.186094, 5.39176143075, 9.90115747532, 1, 0.0762582960623, 9.4425e-05, 8.57551580976e-16, 5.70363637831, 1, 0.0936476860581, 2.0, 0.5, 1e-09, 10.0, 0.001, 0.2, 0.1, industrial.top_bin_right_01
right_arm_TRRT, 0.263800235, 1, 0.095511181, 0.007016, 0.0, 5.70582909112, 1, 0.105640489608, 0.161178, 3.29886980626, 8.38509137915, 1, 0.0509544437608, 9.5054e-05, 5.8191000113e-16, 5.70582909112, 1, 0.0942110344768, 2.0, 0.37, 1e-09, 10.0, 0.000428155, 0.107622, 0.05, industrial.top_bin_right_01
right_arm_TRRT, 0.327561413, 1, 0.099592781, 0.007022, 0.0, 5.07194966512, 1, 0.0967603120953, 0.220855, 3.81474467369, 7.79891393675, 1, 0.0642966687058, 9.1632e-05, 8.54017711787e-16, 5.07194966512, 1, 0.0939831876984, 2.0, 0.37, 1e-11, 1000.0, 0.001, 0.107622, 0.1, industrial.top_bin_right_02
right_arm_TRRT, 0.239356272, 1, 0.096868195, 0.007017, 0.0, 5.85923443667, 1, 0.117173034698, 0.135377, 2.73442118728, 8.83773291988, 1, 0.0769274589391, 9.4077e-05, 2.75641578528e-16, 5.85923443667, 1, 0.111716438984, 20.0, 0.37, 1e-09, 1000.0, 0.001, 0.2, 0.05, industrial.top_bin_right_02
right_arm_TRRT, 0.244632576, 1, 0.093998801, 0.006988, 0.0, 5.86203967731, 1, 0.117043673992, 0.143551, 5.21578122827, 9.96674956117, 1, 0.0871167143807, 9.4775e-05, 3.67522104295e-16, 5.86203967731, 1, 0.111541847987, 20.0, 0.5, 1e-09, 1000.0, 0.000428155, 0.107622, 0.1, industrial.top_bin_right_02
right_arm_TRRT, 0.479404189, 1, 0.107471532, 0.007005, 0.0, 5.85960823771, 1, 0.117063842714, 0.364834, 6.41377134834, 10.4127570233, 1, 0.0881697591394, 9.3657e-05, 5.5128315651e-16, 5.85960823771, 1, 0.11160006631, 20.0, 0.5, 1e-11, 10.0, 0.001, 0.107622, 0.05, industrial.top_bin_right_02
right_arm_TRRT, 0.212485467, 1, 0.097750251, 0.006994, 0.0, 5.85726225609, 1, 0.116815369576, 0.107647, 1.78311107217, 8.75135060275, 1, 0.0884861412712, 9.4216e-05, 6.12536840491e-16, 5.85726225609, 1, 0.111245638851, 2.0, 0.5, 1e-11, 1000.0, 0.000428155, 0.2, 0.05, industrial.top_bin_right_02
right_arm_TRRT, 0.22323167, 1, 0.086211337, 0.007014, 0.0, 5.86960982088, 1, 0.11696125567, 0.129911, 3.59999954903, 8.67599244772, 1, 0.0718302366395, 9.5333e-05, 4.28775788684e-16, 5.86960982088, 1, 0.111435980375, 20.0, 0.37, 1e-11, 10.0, 0.000428155, 0.2, 0.1, industrial.top_bin_right_02
right_arm_TRRT, 0.21089253, 1, 0.096713755, 0.006992, 0.0, 5.86619814529, 1, 0.11718280986, 0.107092, 2.63435999472, 7.8705562207, 1, 0.0738773610857, 9.4775e-05, 5.81909998665e-16, 5.86619814529, 1, 0.111732824352, 2.0, 0.5, 1e-09, 10.0, 0.001, 0.2, 0.1, industrial.top_bin_right_02
right_arm_TRRT, 0.254303499, 1, 0.097733127, 0.007183, 0.0, 5.86699007906, 1, 0.116837970912, 0.149256, 2.18984415539, 6.94948139882, 1, 0.0732829965312, 0.000131372, 5.5128315651e-16, 5.86699007906, 1, 0.111265646486, 2.0, 0.37, 1e-09, 10.0, 0.000428155, 0.107622, 0.05, industrial.top_bin_right_02
right_arm_TRRT, 0.218966389, 1, 0.096126243, 0.006981, 0.0, 5.86752830705, 1, 0.117213468999, 0.115765, 3.95077219262, 7.61028711107, 1, 0.0623125728841, 9.4146e-05, 1.83761052215e-16, 5.86752830705, 1, 0.111807049862, 2.0, 0.37, 1e-11, 1000.0, 0.001, 0.107622, 0.1, industrial.top_bin_right_02
right_arm_TRRT, 0.184726843, 1, 0.097696989, 0.006189, 0.0, 4.83707432665, 1, 0.0885645188391, 0.080759, 5.11163448044, 7.89430467909, 1, 0.0746165129046, 8.1854e-05, 7.81597011517e-16, 4.83707432665, 1, 0.0868750394881, 20.0, 0.37, 1e-09, 1000.0, 0.001, 0.2, 0.05, industrial.top_bin_right_02
right_arm_TRRT, 0.228070761, 1, 0.099409126, 0.007004, 0.0, 5.88139503012, 1, 0.116975914687, 0.121563, 5.23585454575, 10.8725635137, 1, 0.0669038150121, 9.4635e-05, 5.5128315651e-16, 5.88139503012, 1, 0.111442448507, 20.0, 0.5, 1e-09, 1000.0, 0.000428155, 0.107622, 0.1, industrial.top_bin_right_02
right_arm_TRRT, 0.235830826, 1, 0.092064772, 0.00701, 0.0, 5.8629662395, 1, 0.116950582713, 0.136661, 5.28793921488, 8.80853276774, 1, 0.0730802517384, 9.5054e-05, 6.4316368255e-16, 5.8629662395, 1, 0.111406126927, 20.0, 0.5, 1e-11, 10.0, 0.001, 0.107622, 0.05, industrial.top_bin_right_02
right_arm_TRRT, 0.183917105, 1, 0.097057121, 0.007013, 0.0, 5.84606263567, 1, 0.117128875107, 0.079752, 2.15475009488, 8.13027951648, 1, 0.0872426792979, 9.4984e-05, 3.06268420177e-16, 5.84606263567, 1, 0.111650539369, 2.0, 0.5, 1e-11, 1000.0, 0.000428155, 0.2, 0.05, industrial.top_bin_right_02
right_arm_TRRT, 1.535151782, 1, 0.099546305, 0.007023, 0.0, 5.86062073078, 1, 0.116852823645, 1.428484, 4.37948930026, 10.9125461686, 1, 0.0670331956198, 9.8477e-05, 4.28775788412e-16, 5.86062073078, 1, 0.111292541284, 20.0, 0.37, 1e-11, 10.0, 0.000428155, 0.2, 0.1, industrial.top_bin_right_02
right_arm_TRRT, 0.234573966, 1, 0.099962868, 0.007054, 0.0, 5.88393241791, 1, 0.117039207369, 0.127464, 4.90672104091, 9.94680016587, 1, 0.0691323121163, 9.3098e-05, 3.67522104431e-16, 5.88393241791, 1, 0.111541762177, 2.0, 0.5, 1e-09, 10.0, 0.001, 0.2, 0.1, industrial.top_bin_right_02
right_arm_TRRT, 0.182527263, 1, 0.093292961, 0.007047, 0.0, 5.41236961689, 1, 0.105403061956, 0.0821, 4.28935561928, 7.61345880559, 1, 0.0688071966482, 8.7302e-05, 4.60536957777e-16, 5.41236961689, 1, 0.101745069027, 2.0, 0.37, 1e-09, 10.0, 0.000428155, 0.107622, 0.05, industrial.top_bin_right_02
right_arm_TRRT, 0.295124191, 1, 0.092800136, 0.007131, 0.0, 5.85920121779, 1, 0.117009762675, 0.195098, 2.46100396328, 7.25253546353, 1, 0.0630076255572, 9.5055e-05, 3.67522104295e-16, 5.85920121779, 1, 0.111510926023, 2.0, 0.37, 1e-11, 1000.0, 0.001, 0.107622, 0.1, industrial.top_bin_right_02
right_arm_TRRT, 0.211032077, 1, 0.099097931, 0.007044, 0.0, 5.86465703367, 1, 0.117008924484, 0.104796, 1.51942654952, 6.39257774447, 1, 0.075998541137, 9.4146e-05, 4.28775788412e-16, 5.86465703367, 1, 0.111470015141, 20.0, 0.37, 1e-09, 1000.0, 0.001, 0.2, 0.05, industrial.top_bin_right_02
right_arm_TRRT, 0.199956368, 1, 0.097170082, 0.007016, 0.0, 5.87944408712, 1, 0.117060407996, 0.095676, 3.21442587252, 8.06959773424, 1, 0.074381993711, 9.4286e-05, 7.6567105088e-16, 5.87944408712, 1, 0.111534992169, 20.0, 0.5, 1e-09, 1000.0, 0.000428155, 0.107622, 0.1, industrial.top_bin_right_02
right_arm_TRRT, 0.228924011, 1, 0.098408297, 0.006204, 0.0, 4.71346875034, 1, 0.0838648937643, 0.12423, 3.83467720856, 6.61535446473, 1, 0.0537686224561, 8.1714e-05, 4.97379916966e-16, 4.71346875034, 1, 0.082738417685, 20.0, 0.5, 1e-11, 10.0, 0.001, 0.107622, 0.05, industrial.top_bin_right_02
right_arm_TRRT, 0.224629615, 1, 0.096130561, 0.007025, 0.0, 5.88294402144, 1, 0.117006268352, 0.121379, 5.51479708681, 9.03464054504, 1, 0.0787190301344, 9.5054e-05, 6.43163682646e-16, 5.88294402144, 1, 0.11151835939, 2.0, 0.5, 1e-11, 1000.0, 0.000428155, 0.2, 0.05, industrial.top_bin_right_02
right_arm_TRRT, 0.288393936, 1, 0.102615317, 0.007081, 0.0, 5.8608132141, 1, 0.116991918534, 0.178596, 4.99917562, 11.9746566281, 1, 0.0593779766415, 0.000101619, 6.43163682782e-16, 5.8608132141, 1, 0.111439735982, 20.0, 0.37, 1e-11, 10.0, 0.000428155, 0.2, 0.1, industrial.top_bin_right_02
right_arm_TRRT, 0.189183274, 1, 0.105185404, 0.007169, 0.0, 5.87191332714, 1, 0.117154750973, 0.076732, 4.06056680252, 7.50175080825, 1, 0.0716807974709, 9.687e-05, 6.12536840627e-16, 5.87191332714, 1, 0.11169863929, 2.0, 0.5, 1e-09, 10.0, 0.001, 0.2, 0.1, industrial.top_bin_right_02
right_arm_TRRT, 0.343561635, 1, 0.091592549, 0.006221, 0.0, 4.64350019692, 1, 0.0806253720075, 0.245667, 4.32721054829, 8.5541613166, 1, 0.0572327689196, 8.1086e-05, 3.9079850676e-16, 4.64350019692, 1, 0.0798961825669, 2.0, 0.37, 1e-09, 10.0, 0.000428155, 0.107622, 0.05, industrial.top_bin_right_02
right_arm_TRRT, 0.291499711, 1, 0.095038565, 0.007055, 0.0, 5.88828707698, 1, 0.117012131959, 0.189312, 2.80723818498, 7.60372501593, 1, 0.0675978306681, 9.4146e-05, 1.83761052352e-16, 5.88828707698, 1, 0.111538501906, 2.0, 0.37, 1e-11, 1000.0, 0.001, 0.107622, 0.1, industrial.top_bin_right_02
right_arm_TRRT, 0.237248815, 1, 0.096920669, 0.007069, 0.0, 5.85925631881, 1, 0.117141187191, 0.133165, 6.4326737154, 8.953051475, 1, 0.0744559720445, 9.4146e-05, 3.67522104431e-16, 5.85925631881, 1, 0.111685327415, 20.0, 0.37, 1e-09, 1000.0, 0.001, 0.2, 0.05, industrial.top_bin_right_02
right_arm_TRRT, 0.210211996, 1, 0.105390727, 0.007047, 0.0, 5.85981772085, 1, 0.11691858992, 0.097673, 5.3577920297, 9.26447855544, 1, 0.072009422901, 0.000101269, 1.83761052352e-16, 5.85981772085, 1, 0.11136978171, 20.0, 0.5, 1e-09, 1000.0, 0.000428155, 0.107622, 0.1, industrial.top_bin_right_02
right_arm_TRRT, 0.199109606, 1, 0.10130825, 0.007025, 0.0, 5.8649962633, 1, 0.117065213621, 0.090682, 3.2272408933, 8.51611942482, 1, 0.0760473135859, 9.4356e-05, 2.75641578391e-16, 5.8649962633, 1, 0.111576655302, 20.0, 0.5, 1e-11, 10.0, 0.001, 0.107622, 0.05, industrial.top_bin_right_02
right_arm_TRRT, 0.230785145, 1, 0.097586411, 0.007145, 0.0, 5.87007780926, 1, 0.117062378675, 0.125954, 1.32924692168, 6.70954083848, 1, 0.0867906626728, 9.9734e-05, 5.20656314451e-16, 5.87007780926, 1, 0.111581712961, 2.0, 0.5, 1e-11, 1000.0, 0.000428155, 0.2, 0.05, industrial.top_bin_right_02
right_arm_TRRT, 0.263913028, 1, 0.092472253, 0.007047, 0.0, 5.88207136752, 1, 0.117042180151, 0.164299, 3.51226319178, 8.28872915976, 1, 0.0581877206882, 9.4775e-05, 6.43163682782e-16, 5.88207136752, 1, 0.11156168503, 20.0, 0.37, 1e-11, 10.0, 0.000428155, 0.2, 0.1, industrial.top_bin_right_02
right_arm_TRRT, 0.392575831, 1, 0.095893427, 0.00704, 0.0, 5.88204127717, 1, 0.11673277989, 0.289547, 5.76596928251, 11.7515133933, 1, 0.0802443051138, 9.5404e-05, 6.12536840587e-16, 5.88204127717, 1, 0.111126205788, 2.0, 0.5, 1e-09, 10.0, 0.001, 0.2, 0.1, industrial.top_bin_right_02
right_arm_TRRT, 0.321342118, 1, 0.096633483, 0.007051, 0.0, 5.8740328734, 1, 0.116852957755, 0.217563, 5.76641615359, 9.64612385612, 1, 0.0583282065179, 9.4635e-05, 5.51283156237e-16, 5.8740328734, 1, 0.11127525234, 2.0, 0.37, 1e-09, 10.0, 0.000428155, 0.107622, 0.05, industrial.top_bin_right_02
right_arm_TRRT, 0.211529758, 1, 0.099734961, 0.006982, 0.0, 5.8737319483, 1, 0.116926923394, 0.104719, 6.67581094299, 8.94107238816, 1, 0.0763792722271, 9.3797e-05, 3.36895262236e-16, 5.8737319483, 1, 0.111341104168, 2.0, 0.37, 1e-11, 1000.0, 0.001, 0.107622, 0.1, industrial.top_bin_right_02
right_arm_TRRT, 0.26318815, 1, 0.100634865, 0.006994, 0.0, 5.88091590729, 1, 0.116769820452, 0.155465, 0.2010298726, 6.29271243997, 1, 0.0716900061816, 9.4285e-05, 5.81909998296e-16, 5.88091590729, 1, 0.111164029559, 20.0, 0.37, 1e-09, 1000.0, 0.001, 0.2, 0.05, industrial.top_bin_right_02
right_arm_TRRT, 0.210590746, 1, 0.095327955, 0.007033, 0.0, 5.4637107933, 1, 0.106556605548, 0.108142, 3.23647020328, 11.0678508836, 1, 0.0923971012235, 8.7791e-05, 6.57909939787e-16, 5.4637107933, 1, 0.102763190038, 20.0, 0.5, 1e-09, 1000.0, 0.000428155, 0.107622, 0.1, industrial.top_bin_right_02
right_arm_TRRT, 0.200142629, 1, 0.097115693, 0.006973, 0.0, 5.88288576489, 1, 0.116915430874, 0.09596, 5.70442068506, 8.73059431629, 1, 0.0563867805526, 9.3936e-05, 2.75641578391e-16, 5.88288576489, 1, 0.11132689437, 20.0, 0.5, 1e-11, 10.0, 0.001, 0.107622, 0.05, industrial.top_bin_right_02
right_arm_TRRT, 0.173663774, 1, 0.095375263, 0.007013, 0.0, 5.26447950164, 1, 0.101033363491, 0.071188, 3.94045560873, 8.46314226922, 1, 0.0477752854116, 8.7511e-05, 6.90805440231e-16, 5.26447950164, 1, 0.098056298991, 2.0, 0.5, 1e-11, 1000.0, 0.000428155, 0.2, 0.05, industrial.top_bin_right_02
right_arm_TRRT, 0.395659739, 1, 0.097863713, 0.00772, 0.0, 5.73577494215, 1, 0.113412067294, 0.289986, 4.31665612646, 8.47142756792, 1, 0.0672256460843, 9.0026e-05, 5.39251182825e-16, 5.73577494215, 1, 0.108447228957, 20.0, 0.37, 1e-11, 10.0, 0.000428155, 0.2, 0.1, industrial.top_bin_right_02
right_arm_TRRT, 0.21509663, 1, 0.091980995, 0.007015, 0.0, 5.87058718532, 1, 0.116894137114, 0.116006, 1.72091530829, 7.10371336182, 1, 0.0693077250487, 9.4635e-05, 3.36895262372e-16, 5.87058718532, 1, 0.111347536589, 2.0, 0.5, 1e-09, 10.0, 0.001, 0.2, 0.1, industrial.top_bin_right_02
right_arm_TRRT, 0.375800238, 1, 0.100389861, 0.006994, 0.0, 5.84120693502, 1, 0.117023501545, 0.268323, 3.11579528775, 7.05685283738, 1, 0.0727845497119, 9.3377e-05, 2.1438789441e-16, 5.84120693502, 1, 0.111527790026, 2.0, 0.37, 1e-09, 10.0, 0.000428155, 0.107622, 0.05, industrial.top_bin_right_02
right_arm_TRRT, 0.230460801, 1, 0.096598794, 0.007009, 0.0, 5.85319270652, 1, 0.116945855319, 0.126759, 4.21512506576, 8.82838625751, 1, 0.0609773651052, 9.4007e-05, 4.28775788275e-16, 5.85319270652, 1, 0.11144928814, 2.0, 0.37, 1e-11, 1000.0, 0.001, 0.107622, 0.1, industrial.top_bin_right_02
right_arm_TRRT, 0.272360265, 1, 0.095039967, 0.007035, 0.0, 5.16759464966, 1, 0.0987859405577, 0.170201, 4.33222469942, 8.80115758225, 1, 0.0594682325609, 8.4298e-05, 4.09928501356e-16, 5.16759464966, 1, 0.0958871501856, 20.0, 0.37, 1e-09, 1000.0, 0.001, 0.2, 0.05, industrial.top_bin_right_02
right_arm_TRRT, 0.247235978, 1, 0.097938365, 0.006969, 0.0, 5.87700755958, 1, 0.117240466177, 0.142233, 0.608509737644, 6.28980571085, 1, 0.083274947945, 9.5613e-05, 7.65671050608e-16, 5.87700755958, 1, 0.111810367169, 20.0, 0.5, 1e-09, 1000.0, 0.000428155, 0.107622, 0.1, industrial.top_bin_right_02
right_arm_TRRT, 0.156214416, 1, 0.099416838, 0.006995, 0.0, 5.15090106444, 1, 0.097998701036, 0.049718, 2.15564677781, 6.33335423459, 1, 0.0903081092983, 8.4578e-05, 4.44089209546e-16, 5.15090106444, 1, 0.0950608896808, 20.0, 0.5, 1e-11, 10.0, 0.001, 0.107622, 0.05, industrial.top_bin_right_02
right_arm_TRRT, 0.260925362, 1, 0.100807076, 0.006986, 0.0, 5.88318654934, 1, 0.117067180574, 0.153038, 3.27916205632, 8.43521028981, 1, 0.0947735815309, 9.4286e-05, 3.67522104295e-16, 5.88318654934, 1, 0.111591537708, 2.0, 0.5, 1e-11, 1000.0, 0.000428155, 0.2, 0.05, industrial.top_bin_right_02
right_arm_TRRT, 0.349273675, 1, 0.108431856, 0.007057, 0.0, 5.86719396117, 1, 0.117077406496, 0.233692, 5.73717020867, 10.3999949612, 1, 0.0699898036818, 9.2819e-05, 5.51283156743e-16, 5.86719396117, 1, 0.111626884033, 20.0, 0.37, 1e-11, 10.0, 0.000428155, 0.2, 0.1, industrial.top_bin_right_02
right_arm_TRRT, 0.161509151, 1, 0.093120713, 0.007047, 0.0, 5.04345766417, 1, 0.0948507655412, 0.061257, 1.16790838322, 6.1602357016, 1, 0.0641540670767, 8.4438e-05, 1.19562479655e-15, 5.04345766417, 1, 0.0923563347986, 2.0, 0.5, 1e-09, 10.0, 0.001, 0.2, 0.1, industrial.top_bin_right_02
right_arm_TRRT, 0.206291736, 1, 0.091687428, 0.00705, 0.0, 5.87866974523, 1, 0.117123536766, 0.107461, 1.81540933291, 6.82907391813, 1, 0.080314441838, 9.3308e-05, 3.36895262372e-16, 5.87866974523, 1, 0.111657459417, 2.0, 0.37, 1e-09, 10.0, 0.000428155, 0.107622, 0.05, industrial.top_bin_right_02
right_arm_TRRT, 0.22224509, 1, 0.095133734, 0.007053, 0.0, 5.89212809024, 1, 0.116918612272, 0.119964, 3.96066785075, 7.94529115623, 1, 0.0724176213456, 9.4356e-05, 2.14387894138e-16, 5.89212809024, 1, 0.111370883111, 2.0, 0.37, 1e-11, 1000.0, 0.001, 0.107622, 0.1, industrial.top_bin_right_02
right_arm_TRRT, 4.028714124, 1, 0.093119333, 0.007031, 0.0, 5.65350044934, 1, 0.111349526793, 3.928476, 6.47900166693, 12.7048682969, 1, 0.0704056077585, 8.7791e-05, 2.5376526263e-16, 5.65350044934, 1, 0.106726372082, 20.0, 0.37, 1e-09, 1000.0, 0.001, 0.2, 0.05, industrial.top_bin_right_02
right_arm_TRRT, 0.20537982, 1, 0.10048841, 0.007014, 0.0, 5.85621003326, 1, 0.117243964225, 0.097776, 4.05312556636, 7.27705018954, 1, 0.0832383624381, 0.00010141, 4.59402630334e-16, 5.85621003326, 1, 0.111821129404, 20.0, 0.5, 1e-09, 1000.0, 0.000428155, 0.107622, 0.1, industrial.top_bin_right_02
right_arm_TRRT, 0.144727482, 1, 0.091992546, 0.007006, 0.0, 5.86688877127, 1, 0.117004498839, 0.045635, 1.01755204557, 6.46429554011, 1, 0.083851021016, 9.3936e-05, 5.81909998801e-16, 5.86688877127, 1, 0.111499777385, 20.0, 0.5, 1e-11, 10.0, 0.001, 0.107622, 0.05, industrial.top_bin_right_02
right_arm_TRRT, 0.175244491, 1, 0.093510856, 0.007035, 0.0, 5.87554515448, 1, 0.116885121912, 0.074604, 1.76826292692, 6.63540831554, 1, 0.0743200553115, 9.4635e-05, 3.98148946762e-16, 5.87554515448, 1, 0.111313634905, 2.0, 0.5, 1e-11, 1000.0, 0.000428155, 0.2, 0.05, industrial.top_bin_right_02
right_arm_TRRT, 0.274780472, 1, 0.097655558, 0.007071, 0.0, 5.85936609762, 1, 0.116926848888, 0.169959, 3.07719124086, 7.2397029511, 1, 0.0622185665804, 9.4914e-05, 2.45014736196e-16, 5.85936609762, 1, 0.111423458519, 20.0, 0.37, 1e-11, 10.0, 0.000428155, 0.2, 0.1, industrial.top_bin_right_02
right_arm_TRRT, 0.251415979, 1, 0.097773484, 0.00704, 0.0, 5.86561746976, 1, 0.11705089733, 0.146508, 4.61506311753, 9.17463824393, 1, 0.0951058183881, 9.4495e-05, 3.06268420314e-16, 5.86561746976, 1, 0.111549389516, 2.0, 0.5, 1e-09, 10.0, 0.001, 0.2, 0.1, industrial.top_bin_right_02
right_arm_TRRT, 0.310516161, 1, 0.111059192, 0.010399, 0.0, 5.86900085818, 1, 0.117232598364, 0.188956, 0.819551520081, 6.30877529117, 1, 0.0742494345389, 0.000101969, 3.67522104431e-16, 5.86900085818, 1, 0.111783280455, 2.0, 0.37, 1e-09, 10.0, 0.000428155, 0.107622, 0.05, industrial.top_bin_right_02
right_arm_TRRT, 0.201853043, 1, 0.098357455, 0.007027, 0.0, 5.88457259966, 1, 0.117010142654, 0.096375, 3.4012772958, 8.14695185096, 1, 0.0632569521355, 9.3588e-05, 3.36895262236e-16, 5.88457259966, 1, 0.111523104382, 2.0, 0.37, 1e-11, 1000.0, 0.001, 0.107622, 0.1, industrial.top_bin_right_02
right_arm_TRRT, 0.309673039, 1, 0.091336172, 0.007056, 0.0, 5.85812868712, 1, 0.11691173166, 0.211187, 2.38652427057, 8.76258271799, 1, 0.0509382767173, 9.3867e-05, 1.83761052079e-16, 5.85812868712, 1, 0.111334433586, 20.0, 0.37, 1e-09, 1000.0, 0.001, 0.2, 0.05, industrial.top_bin_right_02
right_arm_TRRT, 0.199771004, 1, 0.097730068, 0.007021, 0.0, 5.86356185659, 1, 0.116955071688, 0.094926, 4.32866487117, 8.58543989505, 1, 0.0922446407378, 9.3936e-05, 6.12536840627e-16, 5.86356185659, 1, 0.111414864916, 20.0, 0.5, 1e-09, 1000.0, 0.000428155, 0.107622, 0.1, industrial.top_bin_right_02
right_arm_TRRT, 0.199856631, 1, 0.098110647, 0.00704, 0.0, 5.87666447814, 1, 0.116800937802, 0.094611, 1.97386551565, 8.89008892812, 1, 0.0529918033397, 9.4984e-05, 7.35044208782e-16, 5.87666447814, 1, 0.111214647519, 20.0, 0.5, 1e-11, 10.0, 0.001, 0.107622, 0.05, industrial.top_bin_right_02
right_arm_TRRT, 0.229309676, 1, 0.10453925, 0.007076, 0.0, 5.87042456196, 1, 0.117193169892, 0.1176, 0.880366393235, 6.23980873036, 1, 0.078342740424, 9.4426e-05, 3.36895262372e-16, 5.87042456196, 1, 0.111739282464, 2.0, 0.5, 1e-11, 1000.0, 0.000428155, 0.2, 0.05, industrial.top_bin_right_02
right_arm_TRRT, 0.390515863, 1, 0.099272927, 0.007051, 0.0, 5.89171707808, 1, 0.116924021393, 0.284098, 3.82426981374, 11.4090890808, 1, 0.0627031999175, 9.3936e-05, 4.28775788412e-16, 5.89171707808, 1, 0.11138997304, 20.0, 0.37, 1e-11, 10.0, 0.000428155, 0.2, 0.1, industrial.top_bin_right_02
right_arm_TRRT, 0.174028486, 1, 0.092821501, 0.007072, 0.0, 5.86987092888, 1, 0.116977933794, 0.07404, 4.14085795268, 7.83619962276, 1, 0.0878179218206, 9.4985e-05, 2.45014736469e-16, 5.86987092888, 1, 0.111445580063, 2.0, 0.5, 1e-09, 10.0, 0.001, 0.2, 0.1, industrial.top_bin_right_02
right_arm_TRRT, 0.237824934, 1, 0.102226357, 0.0088, 0.0, 5.85532979569, 1, 0.116823855788, 0.126494, 4.9408425252, 8.65794566481, 1, 0.0577185195512, 0.000304577, 7.96297892843e-16, 5.85532979569, 1, 0.111268635197, 2.0, 0.37, 1e-09, 10.0, 0.000428155, 0.107622, 0.05, industrial.top_bin_right_02
