planner_type, total_time, solved, process_time, path_simplify_time, path_simplify_smoothness, path_simplify_length, path_simplify_correct, path_simplify_clearance, path_plan_time, path_plan_smoothness, path_plan_length, path_plan_correct, path_plan_clearance, path_interpolate_time, path_interpolate_smoothness, path_interpolate_length, path_interpolate_correct, path_interpolate_clearance, param_temp_change_factor, param_max_states_failed, goal_name
right_arm_TRRT, 5.004581314, 0, None, None, None, None, None, None, None, None, None, None, None, None, None, None, None, None, 0.0, 1.0, industrial.top_bin_right_01
right_arm_TRRT, 5.003815013, 0, None, None, None, None, None, None, None, None, None, None, None, None, None, None, None, None, 0.0, 11.0, industrial.top_bin_right_01
right_arm_TRRT, 5.004603239, 0, None, None, None, None, None, None, None, None, None, None, None, None, None, None, None, None, 0.0, 21.0, industrial.top_bin_right_01
right_arm_TRRT, 5.005577524, 0, None, None, None, None, None, None, None, None, None, None, None, None, None, None, None, None, 0.0, 31.0, industrial.top_bin_right_01
right_arm_TRRT, 5.003771851, 0, None, None, None, None, None, None, None, None, None, None, None, None, None, None, None, None, 0.0, 41.0, industrial.top_bin_right_01
right_arm_TRRT, 5.004903213, 0, None, None, None, None, None, None, None, None, None, None, None, None, None, None, None, None, 0.0, 51.0, industrial.top_bin_right_01
right_arm_TRRT, 5.003617009, 0, None, None, None, None, None, None, None, None, None, None, None, None, None, None, None, None, 0.0, 61.0, industrial.top_bin_right_01
right_arm_TRRT, 5.003577897, 0, None, None, None, None, None, None, None, None, None, None, None, None, None, None, None, None, 0.0, 71.0, industrial.top_bin_right_01
right_arm_TRRT, 5.004451826, 0, None, None, None, None, None, None, None, None, None, None, None, None, None, None, None, None, 0.0, 81.0, industrial.top_bin_right_01
right_arm_TRRT, 5.004122523, 0, None, None, None, None, None, None, None, None, None, None, None, None, None, None, None, None, 0.0, 91.0, industrial.top_bin_right_01
right_arm_TRRT, 0.497097569, 1, 0.02000742, 0.006993, 0.0, 5.71864000787, 1, 0.105395529419, 0.469978, 3.00766546468, 9.95950348013, 1, 0.0700573803125, 0.000119149, 7.96297892843e-16, 5.71864000787, 1, 0.0937189464939, 10.0, 1.0, industrial.top_bin_right_01
right_arm_TRRT, 0.481492935, 1, 0.019825277, 0.007039, 0.0, 5.72753635238, 1, 0.105528630316, 0.454535, 5.01220584068, 10.1769925322, 1, 0.0622492453216, 9.3658e-05, 3.36895262236e-16, 5.72753635238, 1, 0.0939054620163, 10.0, 11.0, industrial.top_bin_right_01
right_arm_TRRT, 1.494907769, 1, 0.019500461, 0.007017, 0.0, 5.70951464065, 1, 0.105609733611, 1.468297, 1.59906919672, 7.41281311437, 1, 0.038906193673, 9.3308e-05, 5.51283159693e-16, 5.70951464065, 1, 0.0940873861827, 10.0, 21.0, industrial.top_bin_right_01
right_arm_TRRT, 0.649723684, 1, 0.018854887, 0.007007, 0.0, 5.71980008194, 1, 0.105401199311, 0.623768, 1.69577311906, 6.51366305941, 1, 0.0411104259335, 9.3797e-05, 6.43163682822e-16, 5.71980008194, 1, 0.0937751690889, 10.0, 31.0, industrial.top_bin_right_01
right_arm_TRRT, 1.257244656, 1, 0.019141348, 0.00699, 0.0, 5.70504564926, 1, 0.105553466827, 1.23102, 1.42452675907, 7.47320691198, 1, 0.0587054872885, 9.3308e-05, 4.90029473429e-16, 5.70504564926, 1, 0.0940567897312, 10.0, 41.0, industrial.top_bin_right_01
right_arm_TRRT, 1.842545485, 1, 0.019130478, 0.006986, 0.0, 5.70469164011, 1, 0.105553224683, 1.816335, 2.87717089234, 6.7457440148, 1, 0.0492821716859, 9.4007e-05, 7.04417369072e-16, 5.70469164011, 1, 0.0939953365716, 10.0, 51.0, industrial.top_bin_right_01
right_arm_TRRT, 1.356041086, 1, 0.018767149, 0.006988, 0.0, 5.72029332048, 1, 0.105348613113, 1.330192, 1.52112914087, 6.80285338969, 1, 0.0646100834181, 9.3937e-05, 5.20656314315e-16, 5.72029332048, 1, 0.0936407785991, 10.0, 61.0, industrial.top_bin_right_01
right_arm_TRRT, 1.373218482, 1, 0.018845266, 0.007018, 0.0, 5.70480297568, 1, 0.105569403619, 1.347261, 1.7398580388, 6.42940859351, 1, 0.0599060978063, 9.4216e-05, 3.36895262954e-16, 5.70480297568, 1, 0.0940133970359, 10.0, 71.0, industrial.top_bin_right_01
right_arm_TRRT, 1.692129705, 1, 0.01890042, 0.006984, 0.0, 5.70860722224, 1, 0.105667002499, 1.666151, 2.95014429061, 7.37560639512, 1, 0.0716648125513, 9.4285e-05, 6.12536842567e-16, 5.70860722224, 1, 0.0941971370886, 10.0, 81.0, industrial.top_bin_right_01
right_arm_TRRT, 2.656981382, 1, 0.018837446, 0.006969, 0.0, 5.70951663876, 1, 0.105599742383, 2.631081, 1.52802786693, 6.74391437895, 1, 0.0464164751836, 9.3936e-05, 7.04417369138e-16, 5.70951663876, 1, 0.0941153189232, 10.0, 91.0, industrial.top_bin_right_01
right_arm_TRRT, 0.231398838, 1, 0.018918181, 0.007025, 0.0, 5.70121473445, 1, 0.105511952192, 0.205362, 2.10473907132, 7.17574383945, 1, 0.0602607137778, 9.3657e-05, 5.51283157965e-16, 5.70121473445, 1, 0.0939566184734, 20.0, 1.0, industrial.top_bin_right_01
right_arm_TRRT, 0.61991326, 1, 0.019555625, 0.007159, 0.0, 5.69765449646, 1, 0.105585891753, 0.593104, 3.69722536148, 7.82305492259, 1, 0.0646717139559, 9.4635e-05, 4.9002947509e-16, 5.69765449646, 1, 0.0940758714388, 20.0, 11.0, industrial.top_bin_right_01
right_arm_TRRT, 1.19568089, 1, 0.019154207, 0.007044, 0.0, 5.70487887424, 1, 0.105281125754, 1.169387, 0.308503608096, 6.3048409602, 1, 0.0471385371956, 9.5683e-05, 7.65671054937e-16, 5.70487887424, 1, 0.0935367625849, 20.0, 21.0, industrial.top_bin_right_01
right_arm_TRRT, 1.617831356, 1, 0.019127651, 0.007017, 0.0, 5.71045447086, 1, 0.105586681515, 1.591592, 2.34259979808, 6.92994947815, 1, 0.0569153791294, 9.4705e-05, 4.59402630431e-16, 5.71045447086, 1, 0.0940464316257, 20.0, 31.0, industrial.top_bin_right_01
right_arm_TRRT, 1.504635328, 1, 0.01787082, 0.007051, 0.0, 4.78873583556, 1, 0.0732808759203, 1.479629, 2.94282667166, 7.0633887387, 1, 0.0436215717134, 8.4508e-05, 2.73285667837e-16, 4.78873583556, 1, 0.0657457423647, 20.0, 41.0, industrial.top_bin_right_01
right_arm_TRRT, 1.01490867, 1, 0.019393105, 0.007107, 0.0, 5.7139735292, 1, 0.105551816523, 0.988314, 2.2963673097, 8.68032323551, 1, 0.0754708539074, 9.4565e-05, 8.57551579249e-16, 5.7139735292, 1, 0.093996607281, 20.0, 51.0, industrial.top_bin_right_01
right_arm_TRRT, 1.464053073, 1, 0.019338599, 0.007025, 0.0, 5.72351991546, 1, 0.105535022914, 1.437594, 2.24705524436, 7.52772035511, 1, 0.0598973433177, 9.5474e-05, 5.81909998569e-16, 5.72351991546, 1, 0.0939420227861, 20.0, 61.0, industrial.top_bin_right_01
right_arm_TRRT, 2.906605228, 1, 0.0207501, 0.00704, 0.0, 5.71998764142, 1, 0.105542592704, 2.878717, 2.68139001773, 11.9668765521, 1, 0.035989467534, 9.8128e-05, 2.14387894138e-16, 5.71998764142, 1, 0.0940117756354, 20.0, 71.0, industrial.top_bin_right_01
right_arm_TRRT, 1.084568781, 1, 0.019056914, 0.007046, 0.0, 5.71101679977, 1, 0.105614166707, 1.058372, 1.4811664312, 7.11644955556, 1, 0.05546392348, 9.3867e-05, 7.04417368607e-16, 5.71101679977, 1, 0.094078442403, 20.0, 81.0, industrial.top_bin_right_01
right_arm_TRRT, 1.265092506, 1, 0.01896622, 0.006992, 0.0, 5.70081809934, 1, 0.105619728565, 1.23904, 3.40381543384, 7.70555762744, 1, 0.0753271567466, 9.4286e-05, 6.73790527468e-16, 5.70081809934, 1, 0.094124480825, 20.0, 91.0, industrial.top_bin_right_01
right_arm_TRRT, 0.39020444, 1, 0.019217294, 0.007011, 0.0, 5.70435212493, 1, 0.105489943177, 0.363882, 2.29605358616, 6.97174039131, 1, 0.0509593722721, 9.4146e-05, 7.04417370401e-16, 5.70435212493, 1, 0.0938634145363, 30.0, 1.0, industrial.top_bin_right_01
right_arm_TRRT, 0.690429911, 1, 0.019712416, 0.007037, 0.0, 5.70829666497, 1, 0.105497308075, 0.663586, 3.5143633852, 9.34886246409, 1, 0.054358302329, 9.4495e-05, 6.12536842567e-16, 5.70829666497, 1, 0.0940241487376, 30.0, 11.0, industrial.top_bin_right_01
right_arm_TRRT, 0.896906234, 1, 0.019317948, 0.007024, 0.0, 5.72629216624, 1, 0.105539534241, 0.87047, 5.08464923256, 8.79182301509, 1, 0.0601066998206, 9.4286e-05, 4.28775788275e-16, 5.72629216624, 1, 0.0939548981601, 30.0, 21.0, industrial.top_bin_right_01
right_arm_TRRT, 0.623872284, 1, 0.0197053, 0.007016, 0.0, 5.70322999707, 1, 0.105436492711, 0.597056, 2.85434728352, 8.1356767432, 1, 0.0731699781922, 9.4984e-05, 7.65671053209e-16, 5.70322999707, 1, 0.0938284507599, 30.0, 31.0, industrial.top_bin_right_01
right_arm_TRRT, 1.765021937, 1, 0.02150814, 0.007017, 0.0, 5.73195621758, 1, 0.105341073126, 1.736403, 5.04668608898, 13.7653840069, 1, 0.0357835132531, 9.3797e-05, 5.81909998801e-16, 5.73195621758, 1, 0.0935931447251, 30.0, 41.0, industrial.top_bin_right_01
right_arm_TRRT, 1.974019673, 1, 0.019396758, 0.007037, 0.0, 5.7173657787, 1, 0.105513080955, 1.947491, 1.12171978023, 7.25454452083, 1, 0.0596864790035, 9.4915e-05, 3.98148946217e-16, 5.7173657787, 1, 0.0938923680063, 30.0, 51.0, industrial.top_bin_right_01
right_arm_TRRT, 2.844714053, 1, 0.019637348, 0.007043, 0.0, 5.71654157971, 1, 0.105325318873, 2.817939, 2.45327345326, 9.33317491861, 1, 0.0647304067388, 9.4705e-05, 4.5940263047e-16, 5.71654157971, 1, 0.0936087570314, 30.0, 61.0, industrial.top_bin_right_01
right_arm_TRRT, 1.506554707, 1, 0.019431443, 0.007039, 0.0, 5.72729806144, 1, 0.105434093624, 1.479989, 1.1830479801, 7.7878785107, 1, 0.0589952243802, 9.5264e-05, 5.51283156783e-16, 5.72729806144, 1, 0.093831813541, 30.0, 71.0, industrial.top_bin_right_01
right_arm_TRRT, 2.01137952, 1, 0.019531584, 0.006983, 0.0, 5.7337894679, 1, 0.105565030128, 1.984771, 1.88926178163, 7.04708341378, 1, 0.0451095553969, 9.3936e-05, 5.20656314315e-16, 5.7337894679, 1, 0.0940111009725, 30.0, 81.0, industrial.top_bin_right_01
right_arm_TRRT, 1.388730996, 1, 0.018950291, 0.007007, 0.0, 5.71079968641, 1, 0.105617400259, 1.362679, 1.32211061607, 6.14614224176, 1, 0.0429199137302, 9.4705e-05, 4.90029473363e-16, 5.71079968641, 1, 0.0941071826322, 30.0, 91.0, industrial.top_bin_right_01
right_arm_TRRT, 0.323640531, 1, 0.018866811, 0.007063, 0.0, 5.15833062591, 1, 0.0889816489071, 0.297623, 3.29381724171, 7.32305532413, 1, 0.042583392933, 8.772e-05, 4.27641463795e-16, 5.15833062591, 1, 0.0790776722133, 40.0, 1.0, industrial.top_bin_right_01
right_arm_TRRT, 0.560275016, 1, 0.019040079, 0.007009, 0.0, 5.71362343963, 1, 0.105486273766, 0.534132, 1.0235959134, 6.88987735431, 1, 0.0657051630657, 9.3937e-05, 3.67522105886e-16, 5.71362343963, 1, 0.0938666105784, 40.0, 11.0, industrial.top_bin_right_01
right_arm_TRRT, 0.887570757, 1, 0.019719611, 0.007011, 0.0, 5.68881961967, 1, 0.105490744114, 0.860746, 2.51497344211, 8.06724122775, 1, 0.0644709960772, 9.4146e-05, 4.90029473596e-16, 5.68881961967, 1, 0.0939080543045, 40.0, 21.0, industrial.top_bin_right_01
right_arm_TRRT, 1.103377673, 1, 0.019732898, 0.007008, 0.0, 5.72892623506, 1, 0.105400066823, 1.076542, 1.07679087642, 7.27317592692, 1, 0.0503267985345, 9.4775e-05, 2.75641578391e-16, 5.72892623506, 1, 0.09374556228, 40.0, 31.0, industrial.top_bin_right_01
right_arm_TRRT, 0.665273075, 1, 0.019265602, 0.007452, 0.0, 5.7029376511, 1, 0.105318509042, 0.63846, 1.68683025878, 7.13990525005, 1, 0.0421979489567, 9.5473e-05, 3.67522105886e-16, 5.7029376511, 1, 0.0936135811539, 40.0, 41.0, industrial.top_bin_right_01
right_arm_TRRT, 1.045615297, 1, 0.019640523, 0.007085, 0.0, 5.72799554482, 1, 0.105469353497, 1.018795, 3.32817731213, 8.22338290163, 1, 0.0767806914325, 9.4774e-05, 1.53134210157e-16, 5.72799554482, 1, 0.0938990745565, 40.0, 51.0, industrial.top_bin_right_01
right_arm_TRRT, 1.743576051, 1, 0.01918374, 0.007062, 0.0, 5.71750437502, 1, 0.105328582227, 1.717234, 1.53366250984, 6.52550999417, 1, 0.0589227694171, 9.6311e-05, 4.28775788275e-16, 5.71750437502, 1, 0.0936123654246, 40.0, 61.0, industrial.top_bin_right_01
right_arm_TRRT, 2.309336889, 1, 0.018499308, 0.006989, 0.0, 5.09730115096, 1, 0.0858782054856, 2.283761, 2.46287781943, 6.90756065177, 1, 0.0418175919489, 8.7581e-05, 9.86864909977e-16, 5.09730115096, 1, 0.0763543818698, 40.0, 71.0, industrial.top_bin_right_01
right_arm_TRRT, 2.74457807, 1, 0.019562622, 0.006991, 0.0, 5.7154637638, 1, 0.105475444347, 2.717931, 3.88784609654, 9.82513852905, 1, 0.0506719345084, 9.3448e-05, 6.43163684237e-16, 5.7154637638, 1, 0.0938540738204, 40.0, 81.0, industrial.top_bin_right_01
right_arm_TRRT, 2.588819502, 1, 0.018991286, 0.007027, 0.0, 5.72396375118, 1, 0.105396490544, 2.562707, 2.38285152614, 7.57016962623, 1, 0.0662757310678, 9.4216e-05, 7.04417366627e-16, 5.72396375118, 1, 0.0936959283105, 40.0, 91.0, industrial.top_bin_right_01
right_arm_TRRT, 0.363615443, 1, 0.019266265, 0.007086, 0.0, 5.7292098821, 1, 0.105666454881, 0.337161, 4.24371300941, 8.14066131599, 1, 0.0414423391145, 0.000102178, 1.83761052215e-16, 5.7292098821, 1, 0.0941754335473, 50.0, 1.0, industrial.top_bin_right_01
right_arm_TRRT, 0.423006587, 1, 0.019265372, 0.007008, 0.0, 5.73769606505, 1, 0.105475265533, 0.396639, 3.7275717207, 8.07880093992, 1, 0.0781789117803, 9.4215e-05, 7.35044208862e-16, 5.73769606505, 1, 0.0938520308199, 50.0, 11.0, industrial.top_bin_right_01
right_arm_TRRT, 1.163823624, 1, 0.018999967, 0.006999, 0.0, 5.71139453684, 1, 0.105379059911, 1.137731, 0.663703375195, 6.80894378618, 1, 0.0588340684772, 9.3657e-05, 3.67522105886e-16, 5.71139453684, 1, 0.093736289904, 50.0, 21.0, industrial.top_bin_right_01
right_arm_TRRT, 1.646047168, 1, 0.018611581, 0.007007, 0.0, 5.70786422146, 1, 0.105453714728, 1.620335, 1.06507896194, 6.51773399862, 1, 0.0470722117461, 9.3587e-05, 5.51283156237e-16, 5.70786422146, 1, 0.0938664759541, 50.0, 31.0, industrial.top_bin_right_01
right_arm_TRRT, 0.977999574, 1, 0.018936009, 0.00697, 0.0, 5.71895567664, 1, 0.105418801308, 0.951999, 0.387641100134, 6.45122646241, 1, 0.0537788862024, 9.4565e-05, 6.12536840355e-16, 5.71895567664, 1, 0.0937749345241, 50.0, 41.0, industrial.top_bin_right_01
right_arm_TRRT, 0.851658372, 1, 0.019189877, 0.006977, 0.0, 5.7028437734, 1, 0.105604182929, 0.825397, 3.3294319323, 8.43059911976, 1, 0.0846318226929, 9.4495e-05, 4.90029473429e-16, 5.7028437734, 1, 0.0941108082389, 50.0, 51.0, industrial.top_bin_right_01
right_arm_TRRT, 1.770716165, 1, 0.018955717, 0.006983, 0.0, 5.73113903509, 1, 0.10546739772, 1.744684, 1.94929451466, 6.76287537761, 1, 0.0505910801955, 9.3448e-05, 3.98148946353e-16, 5.73113903509, 1, 0.0938605062407, 50.0, 61.0, industrial.top_bin_right_01
right_arm_TRRT, 1.699128851, 1, 0.019199356, 0.006992, 0.0, 5.71920150676, 1, 0.105527337641, 1.672843, 0.945759044312, 7.35415531635, 1, 0.057333825777, 9.4495e-05, 5.20656314315e-16, 5.71920150676, 1, 0.093954390236, 50.0, 71.0, industrial.top_bin_right_01
right_arm_TRRT, 3.134611877, 1, 0.018937172, 0.006977, 0.0, 5.70875772367, 1, 0.10548638925, 3.108603, 2.22739192593, 6.28742195159, 1, 0.0473474579101, 9.4705e-05, 5.51283159759e-16, 5.70875772367, 1, 0.0938909680679, 50.0, 81.0, industrial.top_bin_right_01
right_arm_TRRT, 1.378681538, 1, 0.019000113, 0.006982, 0.0, 5.72432428027, 1, 0.105466660112, 1.352605, 1.75603008755, 6.85390044722, 1, 0.0800273755396, 9.4425e-05, 4.90029472256e-16, 5.72432428027, 1, 0.0938412074385, 50.0, 91.0, industrial.top_bin_right_01
right_arm_TRRT, 5.003461542, 0, None, None, None, None, None, None, None, None, None, None, None, None, None, None, None, None, 0.0, 1.0, industrial.top_bin_right_01
right_arm_TRRT, 5.004294191, 0, None, None, None, None, None, None, None, None, None, None, None, None, None, None, None, None, 0.0, 11.0, industrial.top_bin_right_01
right_arm_TRRT, 5.00558835, 0, None, None, None, None, None, None, None, None, None, None, None, None, None, None, None, None, 0.0, 21.0, industrial.top_bin_right_01
right_arm_TRRT, 5.004930512, 0, None, None, None, None, None, None, None, None, None, None, None, None, None, None, None, None, 0.0, 31.0, industrial.top_bin_right_01
right_arm_TRRT, 5.003840079, 0, None, None, None, None, None, None, None, None, None, None, None, None, None, None, None, None, 0.0, 41.0, industrial.top_bin_right_01
right_arm_TRRT, 5.003932484, 0, None, None, None, None, None, None, None, None, None, None, None, None, None, None, None, None, 0.0, 51.0, industrial.top_bin_right_01
right_arm_TRRT, 5.003994015, 0, None, None, None, None, None, None, None, None, None, None, None, None, None, None, None, None, 0.0, 61.0, industrial.top_bin_right_01
right_arm_TRRT, 5.004558258, 0, None, None, None, None, None, None, None, None, None, None, None, None, None, None, None, None, 0.0, 71.0, industrial.top_bin_right_01
right_arm_TRRT, 5.003995901, 0, None, None, None, None, None, None, None, None, None, None, None, None, None, None, None, None, 0.0, 81.0, industrial.top_bin_right_01
right_arm_TRRT, 5.003747405, 0, None, None, None, None, None, None, None, None, None, None, None, None, None, None, None, None, 0.0, 91.0, industrial.top_bin_right_01
right_arm_TRRT, 0.370207414, 1, 0.019148223, 0.007043, 0.0, 5.70479197754, 1, 0.105333037674, 0.343924, 3.15160605184, 8.14672301753, 1, 0.0611815132822, 9.2191e-05, 5.51283157965e-16, 5.70479197754, 1, 0.0936539052375, 10.0, 1.0, industrial.top_bin_right_01
right_arm_TRRT, 0.445383243, 1, 0.018710936, 0.007061, 0.0, 5.72076112163, 1, 0.105409856886, 0.419518, 2.84307176542, 7.56309405084, 1, 0.0439121447165, 9.3307e-05, 4.90029472489e-16, 5.72076112163, 1, 0.0937114244905, 10.0, 11.0, industrial.top_bin_right_01
right_arm_TRRT, 1.016418918, 1, 0.01879868, 0.00703, 0.0, 5.709805576, 1, 0.105430424213, 0.990497, 1.74903483747, 6.83534266012, 1, 0.057433858916, 9.3238e-05, 5.51283158031e-16, 5.709805576, 1, 0.0938076461697, 10.0, 21.0, industrial.top_bin_right_01
right_arm_TRRT, 0.917451092, 1, 0.018800505, 0.006984, 0.0, 5.7094026186, 1, 0.105490572751, 0.891573, 2.0779689551, 7.04122891761, 1, 0.0458581272449, 9.3587e-05, 8.88178421051e-16, 5.7094026186, 1, 0.0938829998004, 10.0, 31.0, industrial.top_bin_right_01
right_arm_TRRT, 1.294548979, 1, 0.018828624, 0.006989, 0.0, 5.71007178379, 1, 0.105669956654, 1.268637, 2.01880867424, 6.73592216499, 1, 0.061222772876, 9.4355e-05, 8.57551579249e-16, 5.71007178379, 1, 0.0941911504186, 10.0, 41.0, industrial.top_bin_right_01
right_arm_TRRT, 2.357679704, 1, 0.018762885, 0.00708, 0.0, 5.70980985385, 1, 0.105426743627, 2.331744, 1.08496536425, 7.44540547399, 1, 0.0467797283253, 9.2819e-05, 3.67522105886e-16, 5.70980985385, 1, 0.0938051083478, 10.0, 51.0, industrial.top_bin_right_01
right_arm_TRRT, 1.837597363, 1, 0.018837845, 0.006992, 0.0, 5.72251128344, 1, 0.105574682355, 1.811674, 1.23959674336, 7.80569208903, 1, 0.0439569029364, 9.3518e-05, 6.73790524608e-16, 5.72251128344, 1, 0.0939998028093, 10.0, 61.0, industrial.top_bin_right_01
right_arm_TRRT, 1.688505501, 1, 0.019288006, 0.00702, 0.0, 5.72409360993, 1, 0.105536453426, 1.662103, 2.34598961964, 8.21406762934, 1, 0.0724648406419, 9.4495e-05, 4.59402630334e-16, 5.72409360993, 1, 0.0940152183175, 10.0, 71.0, industrial.top_bin_right_01
right_arm_TRRT, 3.050771541, 1, 0.019119303, 0.006969, 0.0, 5.70987667203, 1, 0.105523545295, 3.02459, 2.63339523976, 8.23067782843, 1, 0.0390638477014, 9.3238e-05, 5.81909999635e-16, 5.70987667203, 1, 0.0939724427359, 10.0, 81.0, industrial.top_bin_right_01
right_arm_TRRT, 2.547955155, 1, 0.019895197, 0.007021, 0.0, 5.71384379461, 1, 0.105457615107, 2.520946, 3.13777781882, 9.45251301786, 1, 0.0555860613074, 9.2958e-05, 5.20656318255e-16, 5.71384379461, 1, 0.0938472652744, 10.0, 91.0, industrial.top_bin_right_01
right_arm_TRRT, 0.159597596, 1, 0.019638961, 0.007087, 0.0, 5.70978490143, 1, 0.105486538261, 0.132777, 3.513805283, 8.99678539212, 1, 0.0536685926983, 9.4635e-05, 5.20656316528e-16, 5.70978490143, 1, 0.0939025118433, 20.0, 1.0, industrial.top_bin_right_01
right_arm_TRRT, 0.330651125, 1, 0.018599826, 0.007067, 0.0, 4.95896905535, 1, 0.0800359882414, 0.3049, 3.51790919345, 8.6569638282, 1, 0.048597410178, 8.4299e-05, 4.7824992016e-16, 4.95896905535, 1, 0.071419992914, 20.0, 11.0, industrial.top_bin_right_01
right_arm_TRRT, 1.049804239, 1, 0.019115652, 0.007035, 0.0, 5.72347321742, 1, 0.105556495488, 1.02356, 1.63056792885, 6.97633379277, 1, 0.0536129542372, 9.3587e-05, 6.43163682742e-16, 5.72347321742, 1, 0.0940602203381, 20.0, 21.0, industrial.top_bin_right_01
right_arm_TRRT, 1.160974728, 1, 0.018176357, 0.007042, 0.0, 5.1342061398, 1, 0.0879422072321, 1.135669, 2.3862100689, 6.82975980314, 1, 0.0490696850571, 8.7371e-05, 6.25014445658e-16, 5.1342061398, 1, 0.0782890350178, 20.0, 31.0, industrial.top_bin_right_01
right_arm_TRRT, 0.85777032, 1, 0.019260615, 0.007023, 0.0, 5.71474772104, 1, 0.105591077358, 0.831392, 3.76851988511, 7.97578295435, 1, 0.0605638789323, 9.4705e-05, 5.20656316528e-16, 5.71474772104, 1, 0.0941057333658, 20.0, 41.0, industrial.top_bin_right_01
right_arm_TRRT, 1.120228134, 1, 0.019638198, 0.006992, 0.0, 5.722111112, 1, 0.105394147336, 1.093504, 4.04815073276, 9.17299532049, 1, 0.0771316721176, 9.3936e-05, 4.90029472489e-16, 5.722111112, 1, 0.0936961726382, 20.0, 51.0, industrial.top_bin_right_01
right_arm_TRRT, 1.083210933, 1, 0.018795066, 0.007036, 0.0, 5.69744165911, 1, 0.105560146272, 1.057286, 2.00573912307, 6.84864874818, 1, 0.0610029106452, 9.3867e-05, 4.90029473363e-16, 5.69744165911, 1, 0.0940268795038, 20.0, 61.0, industrial.top_bin_right_01
right_arm_TRRT, 2.193349871, 1, 0.018847493, 0.006994, 0.0, 5.70855641014, 1, 0.105585951358, 2.167415, 1.12171834702, 6.41860777, 1, 0.0462343819778, 9.3378e-05, 9.49432107148e-16, 5.70855641014, 1, 0.0941070757549, 20.0, 71.0, industrial.top_bin_right_01
right_arm_TRRT, 1.549897369, 1, 0.018937573, 0.006974, 0.0, 5.70870310078, 1, 0.105534736067, 1.523892, 1.47886900397, 7.12558040647, 1, 0.0644752791321, 9.3796e-05, 3.98148947323e-16, 5.70870310078, 1, 0.0940206788223, 20.0, 81.0, industrial.top_bin_right_01
right_arm_TRRT, 2.057030786, 1, 0.0188965, 0.007018, 0.0, 5.72307981464, 1, 0.105682164431, 2.031022, 0.596586828911, 6.51879458382, 1, 0.043509951581, 9.4286e-05, 3.36895262372e-16, 5.72307981464, 1, 0.0942316939091, 20.0, 91.0, industrial.top_bin_right_01
right_arm_TRRT, 0.269943265, 1, 0.019202979, 0.006995, 0.0, 5.70794304075, 1, 0.105598807335, 0.243651, 1.55917645313, 7.2368180282, 1, 0.0558704494809, 9.4286e-05, 6.12536840906e-16, 5.70794304075, 1, 0.0940681860365, 30.0, 1.0, industrial.top_bin_right_01
right_arm_TRRT, 0.388556813, 1, 0.018346651, 0.006981, 0.0, 5.19436244441, 1, 0.0895452015102, 0.363142, 2.57025972422, 7.07630850215, 1, 0.0468283161013, 8.7162e-05, 4.93432454657e-16, 5.19436244441, 1, 0.0795938338119, 30.0, 11.0, industrial.top_bin_right_01
right_arm_TRRT, 0.609933708, 1, 0.019038771, 0.006977, 0.0, 5.68948131245, 1, 0.105529300869, 0.583824, 2.29526001001, 7.39857980623, 1, 0.0626508397558, 9.3937e-05, 6.43163684237e-16, 5.68948131245, 1, 0.0939634313871, 30.0, 21.0, industrial.top_bin_right_01
right_arm_TRRT, 1.330875452, 1, 0.018938026, 0.007045, 0.0, 5.72851454235, 1, 0.105382997543, 1.304798, 1.97839199756, 6.93345589444, 1, 0.0491551557048, 9.4426e-05, 5.81909998432e-16, 5.72851454235, 1, 0.0936453599354, 30.0, 31.0, industrial.top_bin_right_01
right_arm_TRRT, 0.757334571, 1, 0.019182821, 0.007118, 0.0, 5.71137792818, 1, 0.105515018106, 0.730919, 2.31929985003, 7.0259835695, 1, 0.0624637072059, 0.00011475, 1.22507369205e-16, 5.71137792818, 1, 0.0939664347418, 30.0, 41.0, industrial.top_bin_right_01
right_arm_TRRT, 1.264015834, 1, 0.018996758, 0.00701, 0.0, 5.73042833104, 1, 0.105436898768, 1.237915, 1.38678020156, 6.58056918875, 1, 0.055074129423, 9.4076e-05, 3.36895262372e-16, 5.73042833104, 1, 0.0937596415651, 30.0, 51.0, industrial.top_bin_right_01
right_arm_TRRT, 2.249056809, 1, 0.019114035, 0.007017, 0.0, 5.71408698336, 1, 0.105327479541, 2.222831, 0.590431352823, 6.43049499037, 1, 0.0420992446386, 9.4774e-05, 3.98148947323e-16, 5.71408698336, 1, 0.0935752209404, 30.0, 61.0, industrial.top_bin_right_01
right_arm_TRRT, 2.689291985, 1, 0.018976188, 0.006999, 0.0, 5.73140562721, 1, 0.105434149504, 2.663223, 0.957201403872, 6.29063359323, 1, 0.0577730052173, 9.3797e-05, 3.98148946217e-16, 5.73140562721, 1, 0.093744336788, 30.0, 71.0, industrial.top_bin_right_01
right_arm_TRRT, 2.53100398, 1, 0.018778323, 0.006989, 0.0, 5.70150862618, 1, 0.105468221009, 2.505143, 2.3951438684, 6.84230270756, 1, 0.0659704425118, 9.3657e-05, 5.8191000113e-16, 5.70150862618, 1, 0.0938578417589, 30.0, 81.0, industrial.top_bin_right_01
right_arm_TRRT, 2.158709076, 1, 0.018997768, 0.006992, 0.0, 5.72327627304, 1, 0.105514988303, 2.132626, 2.37969752196, 7.07910522073, 1, 0.0753301639449, 9.3308e-05, 2.14387894138e-16, 5.72327627304, 1, 0.0939146051633, 30.0, 91.0, industrial.top_bin_right_01
right_arm_TRRT, 0.265481666, 1, 0.019684589, 0.00704, 0.0, 5.7280017511, 1, 0.105425808579, 0.238663, 5.38387966926, 8.64071451399, 1, 0.0607434122895, 9.4077e-05, 3.98148946217e-16, 5.7280017511, 1, 0.0938280887645, 40.0, 1.0, industrial.top_bin_right_01
right_arm_TRRT, 1.041644404, 1, 0.020737119, 0.007113, 0.0, 5.70730302187, 1, 0.105528712273, 1.0137, 2.92741297425, 12.1489792703, 1, 0.0513182770228, 9.4285e-05, 8.57551577886e-16, 5.70730302187, 1, 0.0939967352255, 40.0, 11.0, industrial.top_bin_right_01
right_arm_TRRT, 1.357642131, 1, 0.02161154, 0.008382, 0.0, 5.69851593719, 1, 0.105594802648, 1.327552, 2.90594020118, 8.36422341011, 1, 0.0452458809775, 9.6591e-05, 5.51283158031e-16, 5.69851593719, 1, 0.0941089306926, 40.0, 21.0, industrial.top_bin_right_01
right_arm_TRRT, 0.778988029, 1, 0.019180744, 0.006998, 0.0, 5.72074388836, 1, 0.105444617569, 0.752715, 0.278142528465, 6.25002328015, 1, 0.0617181624879, 9.4285e-05, 4.59402630607e-16, 5.72074388836, 1, 0.0938293111735, 40.0, 31.0, industrial.top_bin_right_01
right_arm_TRRT, 1.050565719, 1, 0.019781246, 0.007513, 0.0, 5.71535398618, 1, 0.105581596494, 1.023176, 3.09579738858, 6.97079759177, 1, 0.0520499932463, 9.5473e-05, 5.8191000113e-16, 5.71535398618, 1, 0.0940363188756, 40.0, 41.0, industrial.top_bin_right_01
right_arm_TRRT, 1.079754068, 1, 0.019154411, 0.006976, 0.0, 5.7376783405, 1, 0.105401206762, 1.05353, 3.23112146935, 7.52641031685, 1, 0.0587714314461, 9.3657e-05, 6.12536840627e-16, 5.7376783405, 1, 0.0937158902144, 40.0, 51.0, industrial.top_bin_right_01
right_arm_TRRT, 1.780412375, 1, 0.018798298, 0.007483, 0.0, 5.72533704725, 1, 0.105561830103, 1.754037, 0.736016083903, 6.07586214422, 1, 0.0674791067839, 9.4077e-05, 4.90029472256e-16, 5.72533704725, 1, 0.0939873806361, 40.0, 61.0, industrial.top_bin_right_01
right_arm_TRRT, 1.530797175, 1, 0.019193727, 0.006968, 0.0, 5.71414551712, 1, 0.105524733663, 1.504542, 3.26491697899, 7.4560440396, 1, 0.0396496964192, 9.3448e-05, 6.73790525442e-16, 5.71414551712, 1, 0.0939608193163, 40.0, 71.0, industrial.top_bin_right_01
right_arm_TRRT, 1.70615649, 1, 0.019229995, 0.006981, 0.0, 5.71111817503, 1, 0.105543941259, 1.679851, 1.11375230415, 7.15617641867, 1, 0.0655104077111, 9.4495e-05, 3.67522104158e-16, 5.71111817503, 1, 0.0939470473035, 40.0, 81.0, industrial.top_bin_right_01
right_arm_TRRT, 2.507155833, 1, 0.018905547, 0.006995, 0.0, 5.70938221289, 1, 0.105449706316, 2.481161, 0.745563606364, 6.56775418038, 1, 0.0706755647605, 9.4286e-05, 6.12536842633e-16, 5.70938221289, 1, 0.0937838392525, 40.0, 91.0, industrial.top_bin_right_01
right_arm_TRRT, 0.226713678, 1, 0.018985462, 0.007004, 0.0, 5.72087582315, 1, 0.105567552149, 0.20063, 2.79257512409, 7.46021077032, 1, 0.0747592533854, 9.4216e-05, 5.81909998296e-16, 5.72087582315, 1, 0.0940445561347, 50.0, 1.0, industrial.top_bin_right_01
right_arm_TRRT, 0.368731876, 1, 0.018590962, 0.006981, 0.0, 5.72702995858, 1, 0.10537359491, 0.343065, 1.23146415389, 6.07232169755, 1, 0.0533908797428, 9.4914e-05, 7.04417366667e-16, 5.72702995858, 1, 0.0936421908695, 50.0, 11.0, industrial.top_bin_right_01
right_arm_TRRT, 0.924565055, 1, 0.018869328, 0.007004, 0.0, 5.730203214, 1, 0.105308096856, 0.898598, 1.56003897193, 7.05350341982, 1, 0.066399572904, 9.3727e-05, 4.90029472665e-16, 5.730203214, 1, 0.0935836038713, 50.0, 21.0, industrial.top_bin_right_01
right_arm_TRRT, 1.494907279, 1, 0.01893146, 0.00701, 0.0, 5.71189155511, 1, 0.105498868972, 1.468873, 1.40057390706, 7.02579904615, 1, 0.057514144277, 9.2819e-05, 2.75641579846e-16, 5.71189155511, 1, 0.0939467757426, 50.0, 31.0, industrial.top_bin_right_01
right_arm_TRRT, 1.161542401, 1, 0.019027131, 0.006962, 0.0, 5.7066128186, 1, 0.105383645743, 1.135452, 0.993724760104, 6.58959851647, 1, 0.0788332752206, 0.00010127, 3.36895262721e-16, 5.7066128186, 1, 0.0937570369449, 50.0, 41.0, industrial.top_bin_right_01
right_arm_TRRT, 1.465402337, 1, 0.019497889, 0.006989, 0.0, 5.70113051524, 1, 0.105480499566, 1.438822, 1.25384059225, 8.34744723378, 1, 0.0720097445525, 9.3448e-05, 7.35044210044e-16, 5.70113051524, 1, 0.0939243173805, 50.0, 51.0, industrial.top_bin_right_01
right_arm_TRRT, 1.466312301, 1, 0.019249413, 0.007016, 0.0, 5.70001429817, 1, 0.105529926717, 1.439954, 2.82126100914, 7.14168253555, 1, 0.0563150220551, 9.2888e-05, 4.90029473363e-16, 5.70001429817, 1, 0.0939433459064, 50.0, 61.0, industrial.top_bin_right_01
right_arm_TRRT, 1.062921132, 1, 0.019293754, 0.006978, 0.0, 5.70673777029, 1, 0.105547986925, 1.036556, 3.06949706786, 7.67936357754, 1, 0.0642047921817, 9.3378e-05, 4.28775792216e-16, 5.70673777029, 1, 0.0940032138907, 50.0, 71.0, industrial.top_bin_right_01
right_arm_TRRT, 1.975749219, 1, 0.018965282, 0.007003, 0.0, 5.70597488085, 1, 0.105562858284, 1.949687, 0.886942790393, 6.27270815785, 1, 0.0548841822892, 9.3937e-05, 7.65671055003e-16, 5.70597488085, 1, 0.0939989935221, 50.0, 81.0, industrial.top_bin_right_01
right_arm_TRRT, 2.210070569, 1, 0.019298562, 0.007005, 0.0, 5.70365191079, 1, 0.105389025062, 2.183673, 1.96345598267, 7.75263975986, 1, 0.0499565275192, 9.4007e-05, 2.45014736681e-16, 5.70365191079, 1, 0.0937180460013, 50.0, 91.0, industrial.top_bin_right_01
right_arm_TRRT, 5.003810471, 0, None, None, None, None, None, None, None, None, None, None, None, None, None, None, None, None, 0.0, 1.0, industrial.top_bin_right_02
right_arm_TRRT, 5.004111419, 0, None, None, None, None, None, None, None, None, None, None, None, None, None, None, None, None, 0.0, 11.0, industrial.top_bin_right_02
right_arm_TRRT, 5.003962444, 0, None, None, None, None, None, None, None, None, None, None, None, None, None, None, None, None, 0.0, 21.0, industrial.top_bin_right_02
right_arm_TRRT, 5.004552187, 0, None, None, None, None, None, None, None, None, None, None, None, None, None, None, None, None, 0.0, 31.0, industrial.top_bin_right_02
right_arm_TRRT, 5.003744192, 0, None, None, None, None, None, None, None, None, None, None, None, None, None, None, None, None, 0.0, 41.0, industrial.top_bin_right_02
right_arm_TRRT, 5.006210217, 0, None, None, None, None, None, None, None, None, None, None, None, None, None, None, None, None, 0.0, 51.0, industrial.top_bin_right_02
right_arm_TRRT, 5.004092282, 0, None, None, None, None, None, None, None, None, None, None, None, None, None, None, None, None, 0.0, 61.0, industrial.top_bin_right_02
right_arm_TRRT, 5.004261644, 0, None, None, None, None, None, None, None, None, None, None, None, None, None, None, None, None, 0.0, 71.0, industrial.top_bin_right_02
right_arm_TRRT, 5.00505511, 0, None, None, None, None, None, None, None, None, None, None, None, None, None, None, None, None, 0.0, 81.0, industrial.top_bin_right_02
right_arm_TRRT, 5.003920402, 0, None, None, None, None, None, None, None, None, None, None, None, None, None, None, None, None, 0.0, 91.0, industrial.top_bin_right_02
right_arm_TRRT, 0.371551508, 1, 0.018887829, 0.007012, 0.0, 5.8686850056, 1, 0.117114044726, 0.345559, 2.86862357709, 8.17145819387, 1, 0.0650986831946, 9.2679e-05, 5.20656314548e-16, 5.8686850056, 1, 0.111645022857, 10.0, 1.0, industrial.top_bin_right_02
right_arm_TRRT, 0.378151645, 1, 0.018803708, 0.007009, 0.0, 5.86342965747, 1, 0.116872042418, 0.352245, 1.9759538882, 6.93774422181, 1, 0.0754778986289, 9.3937e-05, 4.90029472489e-16, 5.86342965747, 1, 0.111314220161, 10.0, 11.0, industrial.top_bin_right_02
right_arm_TRRT, 1.153225558, 1, 0.018820622, 0.00701, 0.0, 5.8595164865, 1, 0.117030177265, 1.127301, 0.540804071198, 6.45356358089, 1, 0.0610437995955, 9.3936e-05, 3.98148946217e-16, 5.8595164865, 1, 0.111515980599, 10.0, 21.0, industrial.top_bin_right_02
right_arm_TRRT, 0.770570756, 1, 0.01927261, 0.007001, 0.0, 5.8385407652, 1, 0.117176163942, 0.744203, 4.41769913898, 7.62309143331, 1, 0.0743681512928, 9.4146e-05, 2.75641578391e-16, 5.8385407652, 1, 0.11174488787, 10.0, 31.0, industrial.top_bin_right_02
right_arm_TRRT, 1.436258897, 1, 0.019035331, 0.006999, 0.0, 5.86717984062, 1, 0.116826821119, 1.41013, 2.84232014702, 7.47199643406, 1, 0.0741620432924, 9.4566e-05, 5.20656314548e-16, 5.86717984062, 1, 0.111268261897, 10.0, 41.0, industrial.top_bin_right_02
right_arm_TRRT, 2.269806445, 1, 0.019687229, 0.007089, 0.0, 5.88237938161, 1, 0.116870164871, 2.242936, 2.14292881496, 7.79746805481, 1, 0.065334391422, 9.4216e-05, 5.81909998296e-16, 5.88237938161, 1, 0.111301527455, 10.0, 51.0, industrial.top_bin_right_02
right_arm_TRRT, 1.532743932, 1, 0.019330227, 0.006993, 0.0, 5.85950725149, 1, 0.116928111762, 1.506326, 1.96490375842, 7.26582702562, 1, 0.082347431841, 9.4705e-05, 2.45014736196e-16, 5.85950725149, 1, 0.111404617542, 10.0, 61.0, industrial.top_bin_right_02
right_arm_TRRT, 2.02330471, 1, 0.019368215, 0.00701, 0.0, 5.85730466384, 1, 0.117098961025, 1.996832, 1.0265471743, 7.66036999912, 1, 0.0905530027424, 9.4495e-05, 5.5128315651e-16, 5.85730466384, 1, 0.111579507589, 10.0, 71.0, industrial.top_bin_right_02
right_arm_TRRT, 1.714874708, 1, 0.019287212, 0.007014, 0.0, 5.86548803206, 1, 0.117190934718, 1.688479, 1.70377172952, 7.98249147261, 1, 0.066486357556, 9.4496e-05, 3.06268420314e-16, 5.86548803206, 1, 0.111751809459, 10.0, 81.0, industrial.top_bin_right_02
right_arm_TRRT, 1.275181013, 1, 0.018710378, 0.006983, 0.0, 5.88526330739, 1, 0.11695285514, 1.249393, 0.855771518391, 6.43006062489, 1, 0.0608147993684, 9.4635e-05, 3.06268420314e-16, 5.88526330739, 1, 0.111451942602, 10.0, 91.0, industrial.top_bin_right_02
right_arm_TRRT, 0.282125397, 1, 0.01936967, 0.007535, 0.0, 5.87565436056, 1, 0.116822075099, 0.255127, 4.73175190685, 8.22634487848, 1, 0.0468355099244, 9.3727e-05, 2.45014736429e-16, 5.87565436056, 1, 0.111240848899, 20.0, 1.0, industrial.top_bin_right_02
right_arm_TRRT, 0.532498721, 1, 0.019607737, 0.007574, 0.0, 5.87607909482, 1, 0.117235869169, 0.505222, 2.88351519046, 7.86848771603, 1, 0.0644119968638, 9.4984e-05, 3.06268420314e-16, 5.87607909482, 1, 0.111813806511, 20.0, 11.0, industrial.top_bin_right_02
right_arm_TRRT, 5.004332674, 0, None, None, None, None, None, None, None, None, None, None, None, None, None, None, None, None, 20.0, 21.0, industrial.top_bin_right_02
right_arm_TRRT, 1.053909442, 1, 0.020331227, 0.007015, 0.0, 5.85689280674, 1, 0.117163136601, 1.026469, 1.59402333958, 8.16283172527, 1, 0.0596143785321, 9.4215e-05, 4.28775788548e-16, 5.85689280674, 1, 0.111699899466, 20.0, 31.0, industrial.top_bin_right_02
right_arm_TRRT, 1.206627463, 1, 0.018826457, 0.00698, 0.0, 5.87209770024, 1, 0.117200553417, 1.180727, 1.01694265816, 7.1694607277, 1, 0.0511443713172, 9.4006e-05, 9.18805261759e-17, 5.87209770024, 1, 0.111729061809, 20.0, 41.0, industrial.top_bin_right_02
right_arm_TRRT, 1.208768518, 1, 0.018912813, 0.007009, 0.0, 5.88212039277, 1, 0.116916567087, 1.182752, 2.01667373688, 6.73455544072, 1, 0.0603246845474, 9.4705e-05, 1.83761052215e-16, 5.88212039277, 1, 0.111399248756, 20.0, 51.0, industrial.top_bin_right_02
right_arm_TRRT, 1.330314074, 1, 0.019572138, 0.007022, 0.0, 5.86308107995, 1, 0.117030352354, 1.303626, 4.59489862438, 8.38897077226, 1, 0.0537390412333, 9.3936e-05, 3.67522104295e-16, 5.86308107995, 1, 0.111518651761, 20.0, 61.0, industrial.top_bin_right_02
right_arm_TRRT, 1.318378408, 1, 0.019052332, 0.006984, 0.0, 5.86351630319, 1, 0.117145188153, 1.292248, 1.27794383983, 6.39135388044, 1, 0.0565491162918, 9.4076e-05, 2.14387894274e-16, 5.86351630319, 1, 0.111697979271, 20.0, 71.0, industrial.top_bin_right_02
right_arm_TRRT, 1.124848767, 1, 0.019343272, 0.00701, 0.0, 5.87710844514, 1, 0.117251630872, 1.098401, 4.37881924019, 8.25534303559, 1, 0.071393495736, 9.4495e-05, 3.36895262236e-16, 5.87710844514, 1, 0.111816402653, 20.0, 81.0, industrial.top_bin_right_02
right_arm_TRRT, 2.434229519, 1, 0.019089094, 0.00703, 0.0, 5.86301844693, 1, 0.117032207549, 2.408016, 0.525371918239, 6.46186040699, 1, 0.0721456784416, 9.4425e-05, 3.67522104431e-16, 5.86301844693, 1, 0.11152400693, 20.0, 91.0, industrial.top_bin_right_02
right_arm_TRRT, 0.199699626, 1, 0.019835782, 0.007014, 0.0, 5.86395314183, 1, 0.117084942758, 0.172755, 4.09968720702, 8.37525702788, 1, 0.0474842014149, 9.4844e-05, 2.45014736333e-16, 5.86395314183, 1, 0.111623972911, 30.0, 1.0, industrial.top_bin_right_02
right_arm_TRRT, 0.381717675, 1, 0.019322669, 0.007035, 0.0, 5.86839560999, 1, 0.117028381675, 0.355266, 3.61466546099, 8.04813565947, 1, 0.0642220299972, 9.4006e-05, 7.04417366627e-16, 5.86839560999, 1, 0.111518275378, 30.0, 11.0, industrial.top_bin_right_02
right_arm_TRRT, 0.876952021, 1, 0.019751805, 0.007036, 0.0, 5.85482151098, 1, 0.117244940251, 0.85007, 2.50654798392, 8.27490942117, 1, 0.0550159166674, 9.4216e-05, 4.90029472665e-16, 5.85482151098, 1, 0.111813448626, 30.0, 21.0, industrial.top_bin_right_02
right_arm_TRRT, 0.979019677, 1, 0.018987042, 0.007054, 0.0, 5.86152857418, 1, 0.11705551669, 0.952884, 2.32413332297, 7.14058596108, 1, 0.083153179762, 9.4635e-05, 4.59402630567e-16, 5.86152857418, 1, 0.111546924145, 30.0, 31.0, industrial.top_bin_right_02
right_arm_TRRT, 0.832206942, 1, 0.018737774, 0.006996, 0.0, 5.87884525009, 1, 0.116867698729, 0.80638, 2.77047508603, 6.98770511608, 1, 0.0555442482847, 9.3168e-05, 4.28775788412e-16, 5.87884525009, 1, 0.111260049045, 30.0, 41.0, industrial.top_bin_right_02
right_arm_TRRT, 1.138480249, 1, 0.019114313, 0.006997, 0.0, 5.85150176581, 1, 0.11718885228, 1.112275, 2.21932592351, 7.03699908297, 1, 0.0649794902314, 9.3936e-05, 5.20656314315e-16, 5.85150176581, 1, 0.111743510026, 30.0, 51.0, industrial.top_bin_right_02
right_arm_TRRT, 1.221223521, 1, 0.019383096, 0.007024, 0.0, 5.86631314915, 1, 0.116923980415, 1.194722, 2.659066558, 7.950697989, 1, 0.0467830824588, 9.4425e-05, 2.14387894274e-16, 5.86631314915, 1, 0.111385395044, 30.0, 61.0, industrial.top_bin_right_02
right_arm_TRRT, 0.674241114, 1, 0.018969178, 0.00699, 0.0, 5.87030578918, 1, 0.116911720484, 0.648188, 1.55921632677, 7.16306500394, 1, 0.0798125848682, 9.3936e-05, 4.90029472256e-16, 5.87030578918, 1, 0.111378289502, 30.0, 71.0, industrial.top_bin_right_02
right_arm_TRRT, 1.200418292, 1, 0.019627797, 0.007029, 0.0, 5.85746886288, 1, 0.117215625942, 1.173667, 3.43966182668, 8.9229611271, 1, 0.0638795244293, 9.4495e-05, 4.90029472393e-16, 5.85746886288, 1, 0.111810649777, 30.0, 81.0, industrial.top_bin_right_02
right_arm_TRRT, 2.364224948, 1, 0.019259871, 0.007011, 0.0, 5.8604990316, 1, 0.11690735817, 2.33786, 3.31732538654, 7.51773808282, 1, 0.081559369651, 9.4077e-05, 3.98148946353e-16, 5.8604990316, 1, 0.111336844748, 30.0, 91.0, industrial.top_bin_right_02
right_arm_TRRT, 0.164155651, 1, 0.019832226, 0.00701, 0.0, 5.87349125884, 1, 0.116975210607, 0.137219, 4.13895935791, 9.77826472634, 1, 0.05551895915, 9.4425e-05, 3.98148946489e-16, 5.87349125884, 1, 0.111440019875, 40.0, 1.0, industrial.top_bin_right_02
right_arm_TRRT, 0.397116772, 1, 0.020053384, 0.007036, 0.0, 5.87611693324, 1, 0.116843223572, 0.369903, 3.1375386729, 9.11959359036, 1, 0.0621880492462, 0.000124388, 4.59402630743e-16, 5.87611693324, 1, 0.111290520378, 40.0, 11.0, industrial.top_bin_right_02
right_arm_TRRT, 0.776652954, 1, 0.019288878, 0.007017, 0.0, 5.88441764595, 1, 0.116986740381, 0.750253, 3.05384596455, 7.36456361614, 1, 0.0581310343308, 9.4076e-05, 9.18805261759e-17, 5.88441764595, 1, 0.111469042455, 40.0, 21.0, industrial.top_bin_right_02
right_arm_TRRT, 1.260510919, 1, 0.019183725, 0.007067, 0.0, 5.87511607039, 1, 0.117118649185, 1.234165, 1.25004857077, 7.50324513831, 1, 0.0639880017631, 9.5194e-05, 4.90029472529e-16, 5.87511607039, 1, 0.111648383582, 40.0, 31.0, industrial.top_bin_right_02
right_arm_TRRT, 0.515648253, 1, 0.01917613, 0.006976, 0.0, 5.85884537405, 1, 0.116855304688, 0.489401, 1.30616477623, 6.57675715869, 1, 0.0621124087748, 9.5123e-05, 3.67522104431e-16, 5.85884537405, 1, 0.111304545197, 40.0, 41.0, industrial.top_bin_right_02
right_arm_TRRT, 1.458252825, 1, 0.018763469, 0.006985, 0.0, 5.84648156186, 1, 0.116822957993, 1.43241, 0.56327474305, 6.13179706675, 1, 0.0833192259073, 9.4356e-05, 2.1438789441e-16, 5.84648156186, 1, 0.111259756931, 40.0, 51.0, industrial.top_bin_right_02
right_arm_TRRT, 1.368727057, 1, 0.019898004, 0.007044, 0.0, 5.88135472383, 1, 0.116914648563, 1.34169, 4.3129773691, 8.91958170978, 1, 0.0518646202265, 9.5053e-05, 2.14387894274e-16, 5.88135472383, 1, 0.1113671329, 40.0, 61.0, industrial.top_bin_right_02
right_arm_TRRT, 2.857436622, 1, 0.019350127, 0.007014, 0.0, 5.86843143643, 1, 0.117114245892, 2.830978, 1.71924878075, 6.97762234225, 1, 0.0676661335553, 9.4495e-05, 6.12536840956e-16, 5.86843143643, 1, 0.11167542919, 40.0, 71.0, industrial.top_bin_right_02
right_arm_TRRT, 2.205856695, 1, 0.019218549, 0.006991, 0.0, 5.86900654483, 1, 0.117084950209, 2.179553, 0.568408098929, 6.99149092078, 1, 0.065485431728, 9.4146e-05, 3.36895262236e-16, 5.86900654483, 1, 0.111596867699, 40.0, 81.0, industrial.top_bin_right_02
right_arm_TRRT, 2.156823085, 1, 0.01915931, 0.006978, 0.0, 5.86038215573, 1, 0.116999052465, 2.130591, 0.997779676418, 7.30271831508, 1, 0.0514836393466, 9.4775e-05, 5.20656314451e-16, 5.86038215573, 1, 0.111466484337, 40.0, 91.0, industrial.top_bin_right_02
right_arm_TRRT, 0.208056069, 1, 0.020434155, 0.007034, 0.0, 5.86228441611, 1, 0.116900395602, 0.180493, 4.33496271514, 10.6590642322, 1, 0.064681707571, 9.4914e-05, 4.28775788508e-16, 5.86228441611, 1, 0.111328393221, 50.0, 1.0, industrial.top_bin_right_02
right_arm_TRRT, 0.885561844, 1, 0.019385327, 0.007027, 0.0, 5.85806884427, 1, 0.116908483207, 0.859056, 2.29877083154, 8.01583398363, 1, 0.0669388071013, 9.3517e-05, 2.1438789441e-16, 5.85806884427, 1, 0.1113570926, 50.0, 11.0, industrial.top_bin_right_02
right_arm_TRRT, 0.652998121, 1, 0.019561067, 0.006983, 0.0, 5.86760256056, 1, 0.117100939155, 0.626359, 0.915606920707, 7.8315844276, 1, 0.0598720011767, 9.5054e-05, 3.06268420314e-16, 5.86760256056, 1, 0.111632653351, 50.0, 21.0, industrial.top_bin_right_02
right_arm_TRRT, 1.204269759, 1, 0.020019635, 0.007105, 0.0, 5.8803361028, 1, 0.116954404861, 1.17705, 3.76343720436, 8.69765964862, 1, 0.0702999223453, 9.5124e-05, 7.04417366763e-16, 5.8803361028, 1, 0.111432270243, 50.0, 31.0, industrial.top_bin_right_02
right_arm_TRRT, 0.941684416, 1, 0.018864851, 0.00699, 0.0, 5.85304977625, 1, 0.117113173008, 0.915735, 1.21117602397, 6.69722068961, 1, 0.0736573636532, 9.4565e-05, 9.18805261759e-17, 5.85304977625, 1, 0.111661508679, 50.0, 41.0, industrial.top_bin_right_02
right_arm_TRRT, 1.381770824, 1, 0.018544944, 0.006175, 0.0, 4.99060665872, 1, 0.0930649116635, 1.356967, 4.27298530549, 7.50834248575, 1, 0.0702129063958, 8.388e-05, 7.51535588256e-16, 4.99060665872, 1, 0.0906126658217, 50.0, 51.0, industrial.top_bin_right_02
right_arm_TRRT, 1.845579385, 1, 0.019334029, 0.006979, 0.0, 5.86895006992, 1, 0.117118436843, 1.819172, 1.32871124685, 6.43276936211, 1, 0.0642977248539, 9.4356e-05, 3.67522104295e-16, 5.86895006992, 1, 0.11165207496, 50.0, 61.0, industrial.top_bin_right_02
right_arm_TRRT, 1.51329893, 1, 0.021698737, 0.007568, 0.0, 5.87020371616, 1, 0.117048591375, 1.483937, 4.67941821376, 9.02424947654, 1, 0.0871686998468, 9.5193e-05, 4.90029472529e-16, 5.87020371616, 1, 0.111531209843, 50.0, 71.0, industrial.top_bin_right_02
right_arm_TRRT, 0.811243872, 1, 0.020005539, 0.00737, 0.0, 5.85892323897, 1, 0.116950772703, 0.783773, 4.49688157969, 8.55740487427, 1, 0.0691804122896, 9.5333e-05, 2.14387894274e-16, 5.85892323897, 1, 0.111431201984, 50.0, 81.0, industrial.top_bin_right_02
right_arm_TRRT, 0.953148723, 1, 0.019322507, 0.006985, 0.0, 5.86618896364, 1, 0.116914443672, 0.926747, 4.2814025153, 7.79306428538, 1, 0.054335569148, 9.4216e-05, 3.67522104391e-16, 5.86618896364, 1, 0.111399702471, 50.0, 91.0, industrial.top_bin_right_02
right_arm_TRRT, 5.004583894, 0, None, None, None, None, None, None, None, None, None, None, None, None, None, None, None, None, 0.0, 1.0, industrial.top_bin_right_02
right_arm_TRRT, 5.005523395, 0, None, None, None, None, None, None, None, None, None, None, None, None, None, None, None, None, 0.0, 11.0, industrial.top_bin_right_02
right_arm_TRRT, 5.003996947, 0, None, None, None, None, None, None, None, None, None, None, None, None, None, None, None, None, 0.0, 21.0, industrial.top_bin_right_02
right_arm_TRRT, 5.004457201, 0, None, None, None, None, None, None, None, None, None, None, None, None, None, None, None, None, 0.0, 31.0, industrial.top_bin_right_02
right_arm_TRRT, 5.003957069, 0, None, None, None, None, None, None, None, None, None, None, None, None, None, None, None, None, 0.0, 41.0, industrial.top_bin_right_02
right_arm_TRRT, 5.003919912, 0, None, None, None, None, None, None, None, None, None, None, None, None, None, None, None, None, 0.0, 51.0, industrial.top_bin_right_02
right_arm_TRRT, 5.004365008, 0, None, None, None, None, None, None, None, None, None, None, None, None, None, None, None, None, 0.0, 61.0, industrial.top_bin_right_02
right_arm_TRRT, 5.004162404, 0, None, None, None, None, None, None, None, None, None, None, None, None, None, None, None, None, 0.0, 71.0, industrial.top_bin_right_02
right_arm_TRRT, 5.004894969, 0, None, None, None, None, None, None, None, None, None, None, None, None, None, None, None, None, 0.0, 81.0, industrial.top_bin_right_02
right_arm_TRRT, 5.003873604, 0, None, None, None, None, None, None, None, None, None, None, None, None, None, None, None, None, 0.0, 91.0, industrial.top_bin_right_02
right_arm_TRRT, 0.238931854, 1, 0.019378429, 0.007028, 0.0, 5.77510602859, 1, 0.114597290754, 0.212431, 4.93998417025, 8.04089167555, 1, 0.0459750085914, 9.4425e-05, 3.98148946217e-16, 5.77510602859, 1, 0.10948186265, 10.0, 1.0, industrial.top_bin_right_02
right_arm_TRRT, 0.625553989, 1, 0.019915982, 0.007001, 0.0, 5.86004824113, 1, 0.11694040522, 0.598543, 3.74749593549, 9.13770362413, 1, 0.0525805030305, 9.4007e-05, 4.28775788645e-16, 5.86004824113, 1, 0.111389846123, 10.0, 11.0, industrial.top_bin_right_02
right_arm_TRRT, 0.437059348, 1, 0.019116364, 0.007049, 0.0, 5.86773111629, 1, 0.116820309311, 0.410799, 1.84310491348, 6.58029813854, 1, 0.0870083369315, 9.4984e-05, 5.81909998432e-16, 5.86773111629, 1, 0.111244950315, 10.0, 21.0, industrial.top_bin_right_02
right_arm_TRRT, 1.43199711, 1, 0.019777336, 0.00706, 0.0, 5.8813665957, 1, 0.117059461772, 1.405065, 1.1794580053, 6.73725561095, 1, 0.0540885194205, 9.4774e-05, 3.98148946217e-16, 5.8813665957, 1, 0.111574831194, 10.0, 31.0, industrial.top_bin_right_02
right_arm_TRRT, 0.700527627, 1, 0.019038551, 0.006983, 0.0, 5.87420126794, 1, 0.116934511811, 0.674412, 0.436243400385, 6.23067148519, 1, 0.0683104300871, 9.4076e-05, 3.98148946353e-16, 5.87420126794, 1, 0.111405083332, 10.0, 41.0, industrial.top_bin_right_02
right_arm_TRRT, 2.125598441, 1, 0.019209037, 0.00699, 0.0, 5.86212134107, 1, 0.116977918893, 2.099304, 1.11911072791, 6.55365603259, 1, 0.0687548060986, 9.5404e-05, 4.28775788412e-16, 5.86212134107, 1, 0.111447127472, 10.0, 51.0, industrial.top_bin_right_02
right_arm_TRRT, 2.000619908, 1, 0.019465225, 0.007087, 0.0, 5.8775263784, 1, 0.116785671562, 1.973972, 1.61834899576, 6.8713278167, 1, 0.0746600871736, 9.5683e-05, 5.81909998529e-16, 5.8775263784, 1, 0.111173591223, 10.0, 61.0, industrial.top_bin_right_02
right_arm_TRRT, 2.137625462, 1, 0.018698272, 0.007014, 0.0, 5.61683756604, 1, 0.110093515366, 2.111821, 1.55394534652, 6.51170153997, 1, 0.0766464725137, 9.219e-05, 6.34413156082e-16, 5.61683756604, 1, 0.10573517744, 10.0, 71.0, industrial.top_bin_right_02
right_arm_TRRT, 1.728375374, 1, 0.019335808, 0.007, 0.0, 5.86478184293, 1, 0.117070328444, 1.701945, 1.34812194615, 6.95483068534, 1, 0.072719626806, 9.4566e-05, 5.81909998569e-16, 5.86478184293, 1, 0.111559216832, 10.0, 81.0, industrial.top_bin_right_02
right_arm_TRRT, 3.107594686, 1, 0.019518353, 0.00705, 0.0, 5.86356812501, 1, 0.11708592996, 3.080931, 0.739623237001, 6.15095272628, 1, 0.0691869607703, 9.5333e-05, 6.12536841173e-17, 5.86356812501, 1, 0.11157153778, 10.0, 91.0, industrial.top_bin_right_02
right_arm_TRRT, 0.267903895, 1, 0.020352701, 0.007061, 0.0, 5.86027994892, 1, 0.116963475943, 0.240395, 3.7141294637, 8.23468656964, 1, 0.0445516011484, 9.5194e-05, 5.5128315651e-16, 5.86027994892, 1, 0.111422056782, 20.0, 1.0, industrial.top_bin_right_02
right_arm_TRRT, 0.417882888, 1, 0.019496136, 0.007063, 0.0, 5.8677037156, 1, 0.116995640099, 0.391228, 2.00640891249, 7.32094610774, 1, 0.067269579645, 9.5752e-05, 1.83761052079e-16, 5.8677037156, 1, 0.111474779659, 20.0, 11.0, industrial.top_bin_right_02
right_arm_TRRT, 0.537266913, 1, 0.020114976, 0.007061, 0.0, 5.86309120274, 1, 0.117015972733, 0.509997, 2.339340961, 8.13613368434, 1, 0.0761800220666, 9.3937e-05, 3.9814894645e-16, 5.86309120274, 1, 0.111506783757, 20.0, 21.0, industrial.top_bin_right_02
right_arm_TRRT, 1.030230875, 1, 0.019587348, 0.007063, 0.0, 5.85376186025, 1, 0.116959195584, 1.003478, 0.961037205896, 6.84079260745, 1, 0.0604398052462, 0.000102527, 5.5128315647e-16, 5.85376186025, 1, 0.111398385773, 20.0, 31.0, industrial.top_bin_right_02
right_arm_TRRT, 1.757189021, 1, 0.019337878, 0.007048, 0.0, 5.67941554492, 1, 0.112533587962, 1.730712, 3.09843066628, 6.51688559583, 1, 0.082215138457, 9.1143e-05, 6.66133814069e-16, 5.67941554492, 1, 0.107943191858, 20.0, 41.0, industrial.top_bin_right_02
right_arm_TRRT, 5.007683091, 0, None, None, None, None, None, None, None, None, None, None, None, None, None, None, None, None, 20.0, 51.0, industrial.top_bin_right_02
right_arm_TRRT, 1.862851335, 1, 0.019930723, 0.007095, 0.0, 5.8582019076, 1, 0.117016177624, 1.83573, 1.01705874702, 7.70783778301, 1, 0.0662308367124, 9.5612e-05, 9.18805261759e-17, 5.8582019076, 1, 0.111501228964, 20.0, 61.0, industrial.top_bin_right_02
right_arm_TRRT, 1.63306116, 1, 0.020087757, 0.007196, 0.0, 5.85616266499, 1, 0.116558048874, 1.605682, 0.599288595742, 6.63336446771, 1, 0.08796339372, 9.5403e-05, 3.67522104567e-16, 5.85616266499, 1, 0.111160611027, 20.0, 71.0, industrial.top_bin_right_02
right_arm_TRRT, 1.61476407, 1, 0.020229109, 0.007152, 0.0, 5.8505493003, 1, 0.11700636521, 1.587287, 3.61221059988, 8.097767231, 1, 0.07145423706, 9.5961e-05, 4.59402630431e-16, 5.8505493003, 1, 0.11151499147, 20.0, 81.0, industrial.top_bin_right_02
right_arm_TRRT, 2.808861797, 1, 0.019657044, 0.007127, 0.0, 5.86931596327, 1, 0.116992283612, 2.781982, 1.10427246554, 6.92692997504, 1, 0.0680508430426, 9.5753e-05, 4.59402630334e-16, 5.86931596327, 1, 0.111458993164, 20.0, 91.0, industrial.top_bin_right_02
right_arm_TRRT, 0.20583253, 1, 0.020443631, 0.007059, 0.0, 5.86727176243, 1, 0.116867296398, 0.178228, 3.65566034331, 8.98732710567, 1, 0.0481600110153, 0.000101899, 2.14387894274e-16, 5.86727176243, 1, 0.111320441653, 30.0, 1.0, industrial.top_bin_right_02
right_arm_TRRT, 0.674407692, 1, 0.019668149, 0.007085, 0.0, 5.88624375794, 1, 0.116853989661, 0.647559, 2.9509733072, 7.09282027491, 1, 0.0561844185841, 9.5543e-05, 3.06268420177e-16, 5.88624375794, 1, 0.111272049618, 30.0, 11.0, industrial.top_bin_right_02
right_arm_TRRT, 0.611990394, 1, 0.019914921, 0.007079, 0.0, 5.89357779679, 1, 0.116885788739, 0.584901, 4.58031525659, 8.01155442564, 1, 0.0562879428423, 9.5473e-05, 2.75641578351e-16, 5.89357779679, 1, 0.111314779726, 30.0, 21.0, industrial.top_bin_right_02
right_arm_TRRT, 0.842998398, 1, 0.020132645, 0.007035, 0.0, 5.86189345094, 1, 0.116844389588, 0.815735, 2.32945679242, 8.60560824411, 1, 0.0596840757017, 9.5753e-05, 5.20656314451e-16, 5.86189345094, 1, 0.111311267162, 30.0, 31.0, industrial.top_bin_right_02
right_arm_TRRT, 0.952173254, 1, 0.019635991, 0.00708, 0.0, 5.86511397449, 1, 0.117258723825, 0.925362, 1.77460056056, 7.05328381548, 1, 0.0708058374003, 9.5263e-05, 6.12536840587e-16, 5.86511397449, 1, 0.111833178278, 30.0, 41.0, industrial.top_bin_right_02
right_arm_TRRT, 0.911074865, 1, 0.019583881, 0.007039, 0.0, 5.86885964309, 1, 0.116987235844, 0.884357, 2.40476493046, 7.32649938205, 1, 0.0802538555793, 9.4984e-05, 3.36895262236e-16, 5.86885964309, 1, 0.111463796219, 30.0, 51.0, industrial.top_bin_right_02
right_arm_TRRT, 0.868160185, 1, 0.019475782, 0.006999, 0.0, 5.87133381249, 1, 0.116886854172, 0.84159, 1.77617448961, 6.97940514223, 1, 0.0828800882128, 9.5403e-05, 4.28775788275e-16, 5.87133381249, 1, 0.111317516401, 30.0, 61.0, industrial.top_bin_right_02
right_arm_TRRT, 1.451056801, 1, 0.019293236, 0.006993, 0.0, 5.84838178464, 1, 0.117051098496, 1.424676, 1.606684968, 6.79655789188, 1, 0.0659253172238, 9.4565e-05, 5.20656314315e-16, 5.84838178464, 1, 0.111569126618, 30.0, 71.0, industrial.top_bin_right_02
right_arm_TRRT, 1.864004835, 1, 0.019660711, 0.007047, 0.0, 5.88307090028, 1, 0.116990622133, 1.837202, 2.64095255069, 8.07588495801, 1, 0.0751861152239, 9.5124e-05, 1.83761052079e-16, 5.88307090028, 1, 0.111501374892, 30.0, 81.0, industrial.top_bin_right_02
right_arm_TRRT, 5.007060119, 0, None, None, None, None, None, None, None, None, None, None, None, None, None, None, None, None, 30.0, 91.0, industrial.top_bin_right_02
right_arm_TRRT, 0.192432568, 1, 0.019590701, 0.007011, 0.0, 5.87750900317, 1, 0.117175918072, 0.165737, 4.29608362813, 8.36152638073, 1, 0.0610264025939, 9.3867e-05, 6.43163682879e-16, 5.87750900317, 1, 0.111713521439, 40.0, 1.0, industrial.top_bin_right_02
right_arm_TRRT, 0.976106945, 1, 0.020503101, 0.007021, 0.0, 5.86992400548, 1, 0.117001418024, 0.948488, 1.85945801939, 9.52090164057, 1, 0.0741347558131, 9.4844e-05, 3.06268420177e-16, 5.86992400548, 1, 0.111470160042, 40.0, 11.0, industrial.top_bin_right_02
right_arm_TRRT, 0.706764951, 1, 0.019575548, 0.007042, 0.0, 5.86442102783, 1, 0.117054264992, 0.680052, 2.76361667724, 7.1335529425, 1, 0.0459953085096, 9.5403e-05, 3.36895262372e-16, 5.86442102783, 1, 0.111579771186, 40.0, 21.0, industrial.top_bin_right_02
right_arm_TRRT, 0.698189201, 1, 0.020118706, 0.007013, 0.0, 5.87829583813, 1, 0.116957273334, 0.670963, 4.79956354748, 8.55438100095, 1, 0.0643496284834, 9.4495e-05, 3.06268420177e-16, 5.87829583813, 1, 0.111435311622, 40.0, 31.0, industrial.top_bin_right_02
right_arm_TRRT, 0.858102211, 1, 0.019868621, 0.007689, 0.0, 5.86475375469, 1, 0.11713501811, 0.830448, 3.0922552743, 8.06043740038, 1, 0.0606027674706, 9.659e-05, 3.06268420177e-16, 5.86475375469, 1, 0.111662011465, 40.0, 41.0, industrial.top_bin_right_02
right_arm_TRRT, 1.169430066, 1, 0.019376383, 0.007078, 0.0, 5.86515820138, 1, 0.117055304348, 1.14288, 2.02382263015, 7.13073703863, 1, 0.0560311311856, 9.5683e-05, 1.53134210157e-16, 5.86515820138, 1, 0.111572921019, 40.0, 51.0, industrial.top_bin_right_02
right_arm_TRRT, 0.94018261, 1, 0.01963409, 0.007104, 0.0, 5.85366807374, 1, 0.117123529315, 0.913348, 0.965259270474, 6.35897201371, 1, 0.0661916939372, 9.652e-05, 5.20656314588e-16, 5.85366807374, 1, 0.111652310809, 40.0, 61.0, industrial.top_bin_right_02
right_arm_TRRT, 1.444933954, 1, 0.019189411, 0.007064, 0.0, 5.84818449596, 1, 0.11698051542, 1.418585, 0.484294447647, 6.27410053348, 1, 0.0810947712511, 9.5543e-05, 2.45014736196e-16, 5.84818449596, 1, 0.111424711244, 40.0, 71.0, industrial.top_bin_right_02
right_arm_TRRT, 2.830373751, 1, 0.020234396, 0.007038, 0.0, 5.88603553792, 1, 0.116968668997, 2.803007, 1.43289019048, 8.92889239172, 1, 0.0597230913834, 9.4355e-05, 3.36895262372e-16, 5.88603553792, 1, 0.111489186513, 40.0, 81.0, industrial.top_bin_right_02
right_arm_TRRT, 2.137813262, 1, 0.020376347, 0.007004, 0.0, 5.85646181025, 1, 0.117236260325, 2.110338, 4.29747333218, 9.71023792024, 1, 0.0673091156142, 9.4915e-05, 5.5128315651e-16, 5.85646181025, 1, 0.111790938881, 40.0, 91.0, industrial.top_bin_right_02
right_arm_TRRT, 0.361463561, 1, 0.020672764, 0.007037, 0.0, 5.86554309426, 1, 0.116969227791, 0.33366, 6.29821241146, 10.2413344431, 1, 0.0604462236787, 9.3797e-05, 4.5940263047e-16, 5.86554309426, 1, 0.111415642346, 50.0, 1.0, industrial.top_bin_right_02
right_arm_TRRT, 0.723594248, 1, 0.019898518, 0.007007, 0.0, 5.8653175717, 1, 0.116941738874, 0.696592, 2.10143526057, 7.5798832237, 1, 0.070237749489, 9.673e-05, 5.5128315647e-16, 5.8653175717, 1, 0.111377521322, 50.0, 11.0, industrial.top_bin_right_02
right_arm_TRRT, 0.579958523, 1, 0.019256428, 0.007009, 0.0, 5.46205575097, 1, 0.107148248702, 0.553603, 4.60914745618, 7.75855128008, 1, 0.059167836948, 9.0095e-05, 4.9343245495e-16, 5.46205575097, 1, 0.10326331302, 50.0, 21.0, industrial.top_bin_right_02
right_arm_TRRT, 0.881553098, 1, 0.019542695, 0.007011, 0.0, 5.87441035535, 1, 0.116848409176, 0.854904, 1.63891735591, 6.74285449164, 1, 0.0721121241593, 9.5403e-05, 5.20656314588e-16, 5.87441035535, 1, 0.111269420077, 50.0, 31.0, industrial.top_bin_right_02
right_arm_TRRT, 1.616430558, 1, 0.019554224, 0.006983, 0.0, 5.86132839634, 1, 0.116831626743, 1.589798, 1.30666863995, 6.66514382889, 1, 0.0634824106978, 9.5334e-05, 4.5940263047e-16, 5.86132839634, 1, 0.111239638822, 50.0, 41.0, industrial.top_bin_right_02
right_arm_TRRT, 0.827275939, 1, 0.020079164, 0.007024, 0.0, 5.83765065473, 1, 0.117073807865, 0.800078, 5.29539004385, 8.45971063581, 1, 0.0827365007538, 9.4775e-05, 5.20656314315e-16, 5.83765065473, 1, 0.111583693274, 50.0, 51.0, industrial.top_bin_right_02
right_arm_TRRT, 0.63534154, 1, 0.01947067, 0.007038, 0.0, 5.87522223292, 1, 0.116846267134, 0.608736, 1.18306718892, 6.41251876679, 1, 0.0830680132844, 9.687e-05, 5.51283156839e-16, 5.87522223292, 1, 0.111272162918, 50.0, 61.0, industrial.top_bin_right_02
right_arm_TRRT, 1.194270511, 1, 0.019884712, 0.007104, 0.0, 5.86536492493, 1, 0.116880014539, 1.167185, 2.39935045225, 7.40377541226, 1, 0.0613462269645, 9.6799e-05, 3.06268420177e-16, 5.86536492493, 1, 0.111301066547, 50.0, 71.0, industrial.top_bin_right_02
right_arm_TRRT, 2.128676564, 1, 0.019734113, 0.007058, 0.0, 5.86158463094, 1, 0.116997685283, 2.101788, 0.626702165749, 6.642064171, 1, 0.0613892784512, 9.6451e-05, 3.98148946489e-16, 5.86158463094, 1, 0.111502768921, 50.0, 81.0, industrial.top_bin_right_02
right_arm_TRRT, 1.738730389, 1, 0.020159427, 0.007024, 0.0, 5.87926059848, 1, 0.116867415607, 1.711451, 2.95785747138, 7.51244330226, 1, 0.0764617324239, 9.5962e-05, 4.90029470326e-16, 5.87926059848, 1, 0.111306109048, 50.0, 91.0, industrial.top_bin_right_02
right_arm_TRRT, 5.00511755, 0, None, None, None, None, None, None, None, None, None, None, None, None, None, None, None, None, 0.0, 1.0, industrial.top_bin_right_02
right_arm_TRRT, 5.003986957, 0, None, None, None, None, None, None, None, None, None, None, None, None, None, None, None, None, 0.0, 11.0, industrial.top_bin_right_02
right_arm_TRRT, 5.00445909, 0, None, None, None, None, None, None, None, None, None, None, None, None, None, None, None, None, 0.0, 21.0, industrial.top_bin_right_02
right_arm_TRRT, 5.005092754, 0, None, None, None, None, None, None, None, None, None, None, None, None, None, None, None, None, 0.0, 31.0, industrial.top_bin_right_02
right_arm_TRRT, 5.004097656, 0, None, None, None, None, None, None, None, None, None, None, None, None, None, None, None, None, 0.0, 41.0, industrial.top_bin_right_02
right_arm_TRRT, 5.004513632, 0, None, None, None, None, None, None, None, None, None, None, None, None, None, None, None, None, 0.0, 51.0, industrial.top_bin_right_02
right_arm_TRRT, 5.005005036, 0, None, None, None, None, None, None, None, None, None, None, None, None, None, None, None, None, 0.0, 61.0, industrial.top_bin_right_02
right_arm_TRRT, 5.003811662, 0, None, None, None, None, None, None, None, None, None, None, None, None, None, None, None, None, 0.0, 71.0, industrial.top_bin_right_02
right_arm_TRRT, 5.004929956, 0, None, None, None, None, None, None, None, None, None, None, None, None, None, None, None, None, 0.0, 81.0, industrial.top_bin_right_02
right_arm_TRRT, 0.316946521, 1, 0.018389029, 0.006963, 0.0, 5.87184590037, 1, 0.116979975253, 0.291503, 2.00494072998, 6.99413697253, 1, 0.0763486877761, 9.1492e-05, 5.81909998432e-16, 5.87184590037, 1, 0.111490956668, 0.0, 91.0, industrial.top_bin_right_02
right_arm_TRRT, 0.627995363, 1, 0.019330893, 0.007014, 0.0, 5.84502902763, 1, 0.116977959871, 0.601558, 2.14668832453, 8.46525761812, 1, 0.0623677770536, 9.247e-05, 0.0, 5.84502902763, 1, 0.11146610333, 10.0, 1.0, industrial.top_bin_right_02
right_arm_TRRT, 0.434548691, 1, 0.019171034, 0.007031, 0.0, 5.85400284165, 1, 0.11713475734, 0.408253, 1.85816303384, 7.38310470048, 1, 0.0407188641451, 9.3657e-05, 3.06268420177e-16, 5.85400284165, 1, 0.111668771197, 10.0, 11.0, industrial.top_bin_right_02
right_arm_TRRT, 0.784406941, 1, 0.019233935, 0.007018, 0.0, 5.86119750701, 1, 0.117098052055, 0.758061, 3.94496655927, 8.284577597, 1, 0.062309009023, 9.4006e-05, 2.75641578255e-16, 5.86119750701, 1, 0.1116382585, 10.0, 21.0, industrial.top_bin_right_02
right_arm_TRRT, 1.083595757, 1, 0.018910449, 0.007, 0.0, 5.88705796254, 1, 0.117088213563, 1.057592, 1.77489705958, 6.84802969634, 1, 0.0545427141902, 9.3308e-05, 3.06268420546e-16, 5.88705796254, 1, 0.111621768824, 10.0, 31.0, industrial.top_bin_right_02
right_arm_TRRT, 1.174602863, 1, 0.018656507, 0.006995, 0.0, 5.8631974967, 1, 0.117120053619, 1.148857, 0.638576991853, 6.24503699244, 1, 0.0793862678111, 9.4356e-05, 4.90029472256e-16, 5.8631974967, 1, 0.1116703407, 10.0, 41.0, industrial.top_bin_right_02
right_arm_TRRT, 1.54037954, 1, 0.018816416, 0.00712, 0.0, 5.85459576738, 1, 0.117179792374, 1.514348, 0.794268829401, 6.09236223888, 1, 0.0719422973692, 9.5124e-05, 6.12536840355e-16, 5.85459576738, 1, 0.111708399037, 10.0, 51.0, industrial.top_bin_right_02
right_arm_TRRT, 1.670325535, 1, 0.019221249, 0.007008, 0.0, 5.85853118593, 1, 0.116978798062, 1.644002, 2.09118801327, 7.88064702165, 1, 0.0767891798168, 9.4286e-05, 3.98148946217e-16, 5.85853118593, 1, 0.111458289469, 10.0, 61.0, industrial.top_bin_right_02
right_arm_TRRT, 2.797732172, 1, 0.019139886, 0.007059, 0.0, 5.84789901748, 1, 0.116983041167, 2.771439, 1.61212354099, 6.49829476799, 1, 0.0890786420893, 9.4286e-05, 4.90029472489e-16, 5.84789901748, 1, 0.111455835145, 10.0, 71.0, industrial.top_bin_right_02
right_arm_TRRT, 1.985248476, 1, 0.019361029, 0.007025, 0.0, 5.84874584703, 1, 0.117188517004, 1.958769, 0.884074316597, 7.53698728949, 1, 0.0749964107138, 9.3447e-05, 3.98148946586e-16, 5.84874584703, 1, 0.11174973383, 10.0, 81.0, industrial.top_bin_right_02
right_arm_TRRT, 1.641349921, 1, 0.018986264, 0.007524, 0.0, 5.85288797537, 1, 0.117095183581, 1.614746, 2.14696051883, 6.70907378824, 1, 0.0780374297703, 9.3657e-05, 2.14387894138e-16, 5.85288797537, 1, 0.111614690516, 10.0, 91.0, industrial.top_bin_right_02
right_arm_TRRT, 0.272792443, 1, 0.020312065, 0.007569, 0.0, 5.86863887321, 1, 0.117032550275, 0.244818, 4.62305342143, 10.8605452544, 1, 0.0603836861749, 9.3378e-05, 2.75641578255e-16, 5.86863887321, 1, 0.11154376664, 20.0, 1.0, industrial.top_bin_right_02
right_arm_TRRT, 1.445688031, 1, 0.020099746, 0.007549, 0.0, 5.86063744151, 1, 0.116950023919, 1.417945, 3.84543737489, 9.52288968367, 1, 0.0584508572439, 9.4285e-05, 4.28775788412e-16, 5.86063744151, 1, 0.111384731428, 20.0, 11.0, industrial.top_bin_right_02
right_arm_TRRT, 0.874014356, 1, 0.019462537, 0.007532, 0.0, 5.87411509952, 1, 0.116978060454, 0.846927, 3.43008352704, 8.47694328751, 1, 0.0719803105323, 9.2819e-05, 2.14387894274e-16, 5.87411509952, 1, 0.111454787439, 20.0, 21.0, industrial.top_bin_right_02
right_arm_TRRT, 1.045690865, 1, 0.018853208, 0.006974, 0.0, 5.86773220428, 1, 0.117105856538, 1.01977, 0.964923683023, 7.00293660869, 1, 0.0689132446212, 9.3657e-05, 4.5940263047e-16, 5.86773220428, 1, 0.111634192025, 20.0, 31.0, industrial.top_bin_right_02
right_arm_TRRT, 1.329989238, 1, 0.019874861, 0.007047, 0.0, 5.85217165821, 1, 0.116953324527, 1.302974, 4.12818739745, 9.25914568667, 1, 0.0725315845422, 9.3377e-05, 2.75641578255e-16, 5.85217165821, 1, 0.111424560434, 20.0, 41.0, industrial.top_bin_right_02
right_arm_TRRT, 1.611068067, 1, 0.01884527, 0.006989, 0.0, 5.87419177906, 1, 0.116968777031, 1.58514, 1.1558361232, 6.85209522248, 1, 0.0486778823066, 9.3797e-05, 3.67522104431e-16, 5.87419177906, 1, 0.111432589591, 20.0, 51.0, industrial.top_bin_right_02
right_arm_TRRT, 1.207639668, 1, 0.019234732, 0.007005, 0.0, 5.86354965974, 1, 0.116985343397, 1.181306, 1.63684620491, 6.90896542357, 1, 0.0742565585533, 9.3936e-05, 2.45014736196e-16, 5.86354965974, 1, 0.111493846466, 20.0, 61.0, industrial.top_bin_right_02
right_arm_TRRT, 2.674404614, 1, 0.019064818, 0.007027, 0.0, 5.86653437041, 1, 0.116791326553, 2.648219, 2.67654019816, 7.2679455377, 1, 0.0716745835644, 9.3796e-05, 4.59402630334e-16, 5.86653437041, 1, 0.111189951414, 20.0, 71.0, industrial.top_bin_right_02
right_arm_TRRT, 2.105531507, 1, 0.019078291, 0.006998, 0.0, 5.87463671303, 1, 0.116738826036, 2.079361, 0.899755485623, 6.43587829465, 1, 0.0739106187089, 9.4216e-05, 2.45014736333e-16, 5.87463671303, 1, 0.111133865498, 20.0, 81.0, industrial.top_bin_right_02
right_arm_TRRT, 1.164484884, 1, 0.0193839, 0.006996, 0.0, 5.85309656245, 1, 0.117143861949, 1.13801, 3.17858374292, 7.90006471932, 1, 0.049966521891, 9.4984e-05, 3.67522104295e-16, 5.85309656245, 1, 0.111684672534, 20.0, 91.0, industrial.top_bin_right_02
right_arm_TRRT, 0.303065214, 1, 0.019130837, 0.007135, 0.0, 5.84794057889, 1, 0.117092493922, 0.276706, 2.05019380033, 7.63027448308, 1, 0.065405395136, 9.3377e-05, 5.81909998569e-16, 5.84794057889, 1, 0.111627098044, 30.0, 1.0, industrial.top_bin_right_02
right_arm_TRRT, 0.387530005, 1, 0.019109579, 0.006988, 0.0, 5.865043019, 1, 0.117131967098, 0.361338, 2.7850084717, 6.97771802535, 1, 0.0558629964732, 9.4426e-05, 2.45014736196e-16, 5.865043019, 1, 0.111687595474, 30.0, 11.0, industrial.top_bin_right_02
right_arm_TRRT, 1.041774307, 1, 0.019085044, 0.007027, 0.0, 5.87186566174, 1, 0.116819422692, 1.015567, 1.1426133391, 7.28719815288, 1, 0.0595939335498, 9.5263e-05, 3.98148946489e-16, 5.87186566174, 1, 0.111245182311, 30.0, 21.0, industrial.top_bin_right_02
right_arm_TRRT, 5.006076612, 0, None, None, None, None, None, None, None, None, None, None, None, None, None, None, None, None, 30.0, 31.0, industrial.top_bin_right_02
right_arm_TRRT, 1.422677143, 1, 0.019703486, 0.007143, 0.0, 5.87365062297, 1, 0.117090124637, 1.395737, 3.18732273929, 8.00143033503, 1, 0.0580218100901, 9.3657e-05, 5.51283156374e-16, 5.87365062297, 1, 0.11161458595, 30.0, 41.0, industrial.top_bin_right_02
right_arm_TRRT, 1.305133495, 1, 0.018761581, 0.006982, 0.0, 5.86572094059, 1, 0.116893008351, 1.279295, 0.267436068367, 6.06707619772, 1, 0.0698524340987, 9.4914e-05, 3.36895262372e-16, 5.86572094059, 1, 0.111345555248, 30.0, 51.0, industrial.top_bin_right_02
right_arm_TRRT, 1.700877814, 1, 0.019077668, 0.007024, 0.0, 5.87342931269, 1, 0.116998493671, 1.674682, 1.19901076844, 6.73142200689, 1, 0.0864519575103, 9.4146e-05, 2.14387894274e-16, 5.87342931269, 1, 0.111478544001, 30.0, 61.0, industrial.top_bin_right_02
right_arm_TRRT, 1.975043125, 1, 0.01897856, 0.006993, 0.0, 5.85927706799, 1, 0.11684403196, 1.948977, 1.41927136606, 6.68815703524, 1, 0.0709634728052, 9.4565e-05, 7.65671050608e-16, 5.85927706799, 1, 0.111291088935, 30.0, 71.0, industrial.top_bin_right_02
right_arm_TRRT, 1.297939423, 1, 0.019575976, 0.007018, 0.0, 5.87478210329, 1, 0.116778120399, 1.271252, 2.71316704194, 8.57170240882, 1, 0.0635983447114, 9.3447e-05, 4.90029472489e-16, 5.87478210329, 1, 0.111187325212, 30.0, 81.0, industrial.top_bin_right_02
right_arm_TRRT, 1.984584982, 1, 0.019297975, 0.006978, 0.0, 5.85811372786, 1, 0.116911362857, 1.958215, 2.02720216461, 8.36756600754, 1, 0.0806338852271, 9.4007e-05, 2.75641578391e-16, 5.85811372786, 1, 0.111357493133, 30.0, 91.0, industrial.top_bin_right_02
right_arm_TRRT, 0.248767736, 1, 0.019531498, 0.00701, 0.0, 5.8723066184, 1, 0.117013067007, 0.222133, 1.52782700967, 9.08245590777, 1, 0.0593428255704, 9.3238e-05, 2.45014736196e-16, 5.8723066184, 1, 0.11150815415, 40.0, 1.0, industrial.top_bin_right_02
right_arm_TRRT, 0.61625036, 1, 0.019377633, 0.006962, 0.0, 5.86570158204, 1, 0.116978034377, 0.589817, 4.16090104793, 8.19476653565, 1, 0.0566891752339, 9.3727e-05, 6.43163682646e-16, 5.86570158204, 1, 0.111449669404, 40.0, 11.0, industrial.top_bin_right_02
right_arm_TRRT, 0.79283958, 1, 0.019325574, 0.007017, 0.0, 5.86063438383, 1, 0.117043167353, 0.766403, 2.07208825718, 7.52508023264, 1, 0.0514052294893, 9.4006e-05, 5.81909998432e-16, 5.86063438383, 1, 0.111531152807, 40.0, 21.0, industrial.top_bin_right_02
right_arm_TRRT, 1.040670815, 1, 0.019081089, 0.006973, 0.0, 5.84389515687, 1, 0.117250107229, 1.014523, 0.978750121929, 6.57033509686, 1, 0.0623969648203, 9.3726e-05, 3.06268420177e-16, 5.84389515687, 1, 0.111833152586, 40.0, 31.0, industrial.top_bin_right_02
right_arm_TRRT, 1.668199914, 1, 0.018833418, 0.006997, 0.0, 5.87167787366, 1, 0.11700078845, 1.642275, 0.735462730178, 6.57602963154, 1, 0.0591824625619, 9.4496e-05, 3.36895262469e-16, 5.87167787366, 1, 0.111481995675, 40.0, 41.0, industrial.top_bin_right_02
right_arm_TRRT, 1.291074794, 1, 0.019750997, 0.006966, 0.0, 5.86805514243, 1, 0.117197558284, 1.264264, 3.71045385505, 8.19404424699, 1, 0.080503495231, 9.3797e-05, 2.14387894138e-16, 5.86805514243, 1, 0.111753013113, 40.0, 51.0, industrial.top_bin_right_02
right_arm_TRRT, 1.720198148, 1, 0.019194582, 0.007, 0.0, 5.84991457573, 1, 0.116989955306, 1.693909, 2.13717070436, 6.54984403282, 1, 0.0547530662946, 9.4566e-05, 4.90029472256e-16, 5.84991457573, 1, 0.111455230363, 40.0, 61.0, industrial.top_bin_right_02
right_arm_TRRT, 2.467996451, 1, 0.019138095, 0.006977, 0.0, 5.88177655605, 1, 0.117021217942, 2.441787, 0.467233933063, 6.45093814551, 1, 0.0582273379815, 9.4356e-05, 3.67522104431e-16, 5.88177655605, 1, 0.111530829349, 40.0, 71.0, industrial.top_bin_right_02
right_arm_TRRT, 1.808243423, 1, 0.019152858, 0.006972, 0.0, 5.86861314086, 1, 0.117079500109, 1.782024, 0.469088133633, 6.28637431254, 1, 0.0941049185666, 9.4565e-05, 3.06268420586e-16, 5.86861314086, 1, 0.111636666388, 40.0, 81.0, industrial.top_bin_right_02
right_arm_TRRT, 2.59147829, 1, 0.019162843, 0.006968, 0.0, 5.86895808417, 1, 0.116821918637, 2.565254, 1.28040332939, 7.34189825633, 1, 0.0596702583134, 9.3447e-05, 4.90029472665e-16, 5.86895808417, 1, 0.111274532974, 40.0, 91.0, industrial.top_bin_right_02
right_arm_TRRT, 0.217331478, 1, 0.019427402, 0.007021, 0.0, 5.87758364495, 1, 0.117209039629, 0.190789, 3.30682299011, 7.21205189626, 1, 0.0591959701851, 9.4076e-05, 3.36895262236e-16, 5.87758364495, 1, 0.111800214597, 50.0, 1.0, industrial.top_bin_right_02
right_arm_TRRT, 0.689255662, 1, 0.019155354, 0.007011, 0.0, 5.86221713004, 1, 0.117093686014, 0.662996, 1.51788108496, 6.36036409289, 1, 0.0724790409546, 9.3308e-05, 4.59402630567e-16, 5.86221713004, 1, 0.111586207974, 50.0, 11.0, industrial.top_bin_right_02
right_arm_TRRT, 0.744794226, 1, 0.018995058, 0.006992, 0.0, 5.89650568308, 1, 0.117058835924, 0.718714, 0.136146926106, 6.12696682583, 1, 0.0601123241009, 9.3168e-05, 3.98148946489e-16, 5.89650568308, 1, 0.111562133092, 50.0, 21.0, industrial.top_bin_right_02
right_arm_TRRT, 0.619876035, 1, 0.019738352, 0.007108, 0.0, 5.8651430987, 1, 0.116818789393, 0.592934, 2.64430294079, 7.19312702233, 1, 0.0737340440974, 9.5683e-05, 6.43163683095e-16, 5.8651430987, 1, 0.111271094145, 50.0, 31.0, industrial.top_bin_right_02
right_arm_TRRT, 1.265887025, 1, 0.019162089, 0.007006, 0.0, 5.88852784851, 1, 0.116966575384, 1.239625, 0.679133842093, 6.67234809471, 1, 0.0661699219861, 9.3936e-05, 3.06268420177e-16, 5.88852784851, 1, 0.111447485356, 50.0, 41.0, industrial.top_bin_right_02
right_arm_TRRT, 1.000805134, 1, 0.019361477, 0.006995, 0.0, 5.87572261479, 1, 0.117039460689, 0.974355, 2.52554808575, 7.11828133959, 1, 0.0598706399853, 9.3657e-05, 2.1438789441e-16, 5.87572261479, 1, 0.111562017737, 50.0, 51.0, industrial.top_bin_right_02
right_arm_TRRT, 0.950440557, 1, 0.019060992, 0.00699, 0.0, 5.86326858126, 1, 0.116870835423, 0.924295, 1.75061689244, 6.5193191092, 1, 0.0849496491253, 9.4565e-05, 7.96297892706e-16, 5.86326858126, 1, 0.111309984635, 50.0, 61.0, industrial.top_bin_right_02
right_arm_TRRT, 1.892401684, 1, 0.019312678, 0.007001, 0.0, 5.87945709334, 1, 0.117018781602, 1.865994, 0.928641230593, 7.00109026463, 1, 0.0592527867041, 9.4006e-05, 6.12536840627e-16, 5.87945709334, 1, 0.111491619513, 50.0, 71.0, industrial.top_bin_right_02
right_arm_TRRT, 2.368760582, 1, 0.019335576, 0.007021, 0.0, 5.87145948268, 1, 0.11688016355, 2.34231, 1.47333448206, 7.44101358323, 1, 0.0528000178959, 9.4006e-05, 3.67522104391e-16, 5.87145948268, 1, 0.111320070665, 50.0, 81.0, industrial.top_bin_right_02
right_arm_TRRT, 1.945658662, 1, 0.019112447, 0.006971, 0.0, 5.85171273651, 1, 0.117127545178, 1.919481, 1.71921897512, 6.84242946262, 1, 0.0583850318905, 9.4215e-05, 4.28775788412e-16, 5.85171273651, 1, 0.111683927476, 50.0, 91.0, industrial.top_bin_right_02
right_arm_TRRT, 5.004548275, 0, None, None, None, None, None, None, None, None, None, None, None, None, None, None, None, None, 0.0, 1.0, industrial.top_bin_right_02
right_arm_TRRT, 5.010788736, 0, None, None, None, None, None, None, None, None, None, None, None, None, None, None, None, None, 0.0, 11.0, industrial.top_bin_right_02
right_arm_TRRT, 5.004994838, 0, None, None, None, None, None, None, None, None, None, None, None, None, None, None, None, None, 0.0, 21.0, industrial.top_bin_right_02
right_arm_TRRT, 5.004068323, 0, None, None, None, None, None, None, None, None, None, None, None, None, None, None, None, None, 0.0, 31.0, industrial.top_bin_right_02
right_arm_TRRT, 5.003987169, 0, None, None, None, None, None, None, None, None, None, None, None, None, None, None, None, None, 0.0, 41.0, industrial.top_bin_right_02
right_arm_TRRT, 5.006221464, 0, None, None, None, None, None, None, None, None, None, None, None, None, None, None, None, None, 0.0, 51.0, industrial.top_bin_right_02
right_arm_TRRT, 5.004311788, 0, None, None, None, None, None, None, None, None, None, None, None, None, None, None, None, None, 0.0, 61.0, industrial.top_bin_right_02
right_arm_TRRT, 5.004126782, 0, None, None, None, None, None, None, None, None, None, None, None, None, None, None, None, None, 0.0, 71.0, industrial.top_bin_right_02
right_arm_TRRT, 5.005007129, 0, None, None, None, None, None, None, None, None, None, None, None, None, None, None, None, None, 0.0, 81.0, industrial.top_bin_right_02
right_arm_TRRT, 5.004152765, 0, None, None, None, None, None, None, None, None, None, None, None, None, None, None, None, None, 0.0, 91.0, industrial.top_bin_right_02
right_arm_TRRT, 0.1106031, 1, 0.018241037, 0.006222, 0.0, 4.72128033596, 1, 0.0843794653192, 0.086058, 4.37092527024, 7.2313761264, 1, 0.0718337559903, 8.2063e-05, 4.61852778895e-16, 4.72128033596, 1, 0.0832133666426, 10.0, 1.0, industrial.top_bin_right_02
right_arm_TRRT, 0.337759084, 1, 0.01973317, 0.007045, 0.0, 5.87693431793, 1, 0.117168065161, 0.310886, 2.11490409308, 7.84694259539, 1, 0.0786060336977, 9.4914e-05, 4.90029472256e-16, 5.87693431793, 1, 0.111725750411, 10.0, 11.0, industrial.top_bin_right_02
right_arm_TRRT, 0.63868841, 1, 0.019694845, 0.007058, 0.0, 5.84894828655, 1, 0.117241289467, 0.611841, 4.32118793829, 7.70570798786, 1, 0.0571500962057, 9.4565e-05, 5.2065631482e-16, 5.84894828655, 1, 0.111811007662, 10.0, 21.0, industrial.top_bin_right_02
right_arm_TRRT, 1.659803669, 1, 0.018179907, 0.006297, 0.0, 4.76657070507, 1, 0.0857493393123, 1.635244, 2.9610114896, 7.30698349393, 1, 0.0903902724385, 8.2762e-05, 1.13686837828e-15, 4.76657070507, 1, 0.0844924862683, 10.0, 31.0, industrial.top_bin_right_02
right_arm_TRRT, 1.734630847, 1, 0.01921784, 0.006999, 0.0, 5.86636334097, 1, 0.116931315511, 1.70832, 0.649113538751, 6.37751313362, 1, 0.0599196091802, 9.4007e-05, 3.67522104158e-16, 5.86636334097, 1, 0.111384958286, 10.0, 41.0, industrial.top_bin_right_02
right_arm_TRRT, 1.607176722, 1, 0.019638297, 0.007027, 0.0, 5.86598620054, 1, 0.116853892803, 1.580417, 3.79649044991, 7.82527629509, 1, 0.0517348228022, 9.4425e-05, 5.20656314548e-16, 5.86598620054, 1, 0.111315081859, 10.0, 51.0, industrial.top_bin_right_02
right_arm_TRRT, 1.531117264, 1, 0.019232699, 0.00699, 0.0, 5.87818602246, 1, 0.116852950305, 1.5048, 2.3875603637, 7.28015683716, 1, 0.0719973688776, 9.4565e-05, 5.20656314315e-16, 5.87818602246, 1, 0.111306722822, 10.0, 61.0, industrial.top_bin_right_02
right_arm_TRRT, 2.310164447, 1, 0.019421092, 0.007103, 0.0, 5.86820572752, 1, 0.116883479059, 2.283546, 1.42122516586, 6.95051297984, 1, 0.0777826461602, 9.4355e-05, 4.59402630607e-16, 5.86820572752, 1, 0.111338306347, 10.0, 71.0, industrial.top_bin_right_02
right_arm_TRRT, 2.739774592, 1, 0.019516957, 0.007097, 0.0, 5.85798157881, 1, 0.116873860359, 2.713066, 1.80749196781, 6.73450181656, 1, 0.0739920880984, 9.4635e-05, 3.36895262236e-16, 5.85798157881, 1, 0.111322399357, 10.0, 81.0, industrial.top_bin_right_02
right_arm_TRRT, 2.178147718, 1, 0.019447851, 0.007012, 0.0, 5.86344575789, 1, 0.116926725954, 2.151594, 1.13400341133, 6.57724013356, 1, 0.085277067328, 9.3867e-05, 5.81909998938e-16, 5.86344575789, 1, 0.111384187536, 10.0, 91.0, industrial.top_bin_right_02
right_arm_TRRT, 0.267278885, 1, 0.018104024, 0.006225, 0.0, 4.70619714426, 1, 0.0831772517413, 0.242862, 6.12756214314, 7.48655713189, 1, 0.0683797632175, 8.7861e-05, 9.23705555786e-16, 4.70619714426, 1, 0.0822227326781, 20.0, 1.0, industrial.top_bin_right_02
right_arm_TRRT, 0.340661475, 1, 0.019783631, 0.007087, 0.0, 5.85547383581, 1, 0.11707540974, 0.313696, 3.27424424291, 7.30696060344, 1, 0.0518690334972, 9.4844e-05, 5.81909998665e-16, 5.85547383581, 1, 0.111585815148, 20.0, 11.0, industrial.top_bin_right_02
right_arm_TRRT, 0.521998493, 1, 0.019427186, 0.007046, 0.0, 5.8739878368, 1, 0.117066148669, 0.495432, 3.48458267678, 7.0685353665, 1, 0.0682036830536, 9.3307e-05, 7.04417366763e-16, 5.8739878368, 1, 0.11156604105, 20.0, 21.0, industrial.top_bin_right_02
right_arm_TRRT, 0.58038988, 1, 0.018313537, 0.006195, 0.0, 4.78706271537, 1, 0.0868093967438, 0.555799, 4.81412000011, 7.10889682429, 1, 0.0550701985644, 8.2343e-05, 7.81597009859e-16, 4.78706271537, 1, 0.0854060922563, 20.0, 31.0, industrial.top_bin_right_02
right_arm_TRRT, 1.178948046, 1, 0.01914025, 0.007057, 0.0, 5.85677893979, 1, 0.117185365409, 1.152657, 1.30185816526, 6.61568338113, 1, 0.0647421031608, 9.3796e-05, 4.28775788275e-16, 5.85677893979, 1, 0.111722538954, 20.0, 41.0, industrial.top_bin_right_02
right_arm_TRRT, 0.72871237, 1, 0.0200589, 0.007036, 0.0, 5.87023346913, 1, 0.116943780333, 0.701437, 3.90364467574, 9.12500143218, 1, 0.0700860824436, 0.00018047, 2.45014736469e-16, 5.87023346913, 1, 0.111411026069, 20.0, 51.0, industrial.top_bin_right_02
right_arm_TRRT, 1.082642485, 1, 0.019470641, 0.007048, 0.0, 5.86547194802, 1, 0.116854593158, 1.056029, 1.64656496608, 6.73127474819, 1, 0.0798224359751, 9.4844e-05, 4.5940263047e-16, 5.86547194802, 1, 0.111256892054, 20.0, 61.0, industrial.top_bin_right_02
right_arm_TRRT, 1.893278118, 1, 0.019550762, 0.007074, 0.0, 5.85262354585, 1, 0.116893000901, 1.866559, 1.11227215559, 6.21763805597, 1, 0.0676041398197, 9.4356e-05, 1.53134210293e-16, 5.85262354585, 1, 0.111340250435, 20.0, 71.0, industrial.top_bin_right_02
right_arm_TRRT, 5.004779939, 0, None, None, None, None, None, None, None, None, None, None, None, None, None, None, None, None, 20.0, 81.0, industrial.top_bin_right_02
right_arm_TRRT, 2.600837582, 1, 0.019631614, 0.007092, 0.0, 5.87603827542, 1, 0.117271985859, 2.574012, 1.69972886265, 6.92057567441, 1, 0.0817619748414, 0.000101968, 8.57551576687e-16, 5.87603827542, 1, 0.111847701001, 20.0, 91.0, industrial.top_bin_right_02
right_arm_TRRT, 0.115949732, 1, 0.018841037, 0.007076, 0.0, 5.14232868615, 1, 0.09782378003, 0.089947, 4.38505308618, 7.70926174796, 1, 0.0571028709722, 8.5695e-05, 7.17374876538e-16, 5.14232868615, 1, 0.0950668798043, 30.0, 1.0, industrial.top_bin_right_02
right_arm_TRRT, 0.709589329, 1, 0.02089972, 0.00708, 0.0, 5.87928455152, 1, 0.116971898824, 0.681517, 5.30588638694, 10.0244846411, 1, 0.0550987479587, 9.2609e-05, 3.0626842045e-16, 5.87928455152, 1, 0.11147378308, 30.0, 11.0, industrial.top_bin_right_02
right_arm_TRRT, 1.07263954, 1, 0.020345486, 0.007267, 0.0, 5.86732112674, 1, 0.116855166852, 1.044932, 4.00838968721, 9.39423668394, 1, 0.0634292486625, 9.5054e-05, 2.14387894371e-16, 5.86732112674, 1, 0.111280409683, 30.0, 21.0, industrial.top_bin_right_02
right_arm_TRRT, 5.004678659, 0, None, None, None, None, None, None, None, None, None, None, None, None, None, None, None, None, 30.0, 31.0, industrial.top_bin_right_02
right_arm_TRRT, 0.668793638, 1, 0.018989226, 0.006207, 0.0, 4.82050390503, 1, 0.0873395921662, 0.643515, 3.04005599529, 8.0107886826, 1, 0.0399196822411, 8.2412e-05, 5.68434189101e-16, 4.82050390503, 1, 0.085605449006, 30.0, 41.0, industrial.top_bin_right_02
right_arm_TRRT, 1.205750387, 1, 0.020082473, 0.007076, 0.0, 5.87934131459, 1, 0.11700097844, 1.178497, 3.52569338644, 9.18895742681, 1, 0.0662219290836, 9.4914e-05, 6.73790524705e-16, 5.87934131459, 1, 0.111469059669, 30.0, 51.0, industrial.top_bin_right_02
right_arm_TRRT, 1.444645165, 1, 0.019933159, 0.006988, 0.0, 5.87983163954, 1, 0.117007020861, 1.41763, 4.09928658283, 8.8040462524, 1, 0.0659947532516, 9.4006e-05, 6.73790524801e-16, 5.87983163954, 1, 0.111493369115, 30.0, 61.0, industrial.top_bin_right_02
right_arm_TRRT, 2.408594632, 1, 0.018978927, 0.006976, 0.0, 5.86542670033, 1, 0.116923112422, 2.382545, 1.16031701174, 6.40478055594, 1, 0.0681206364185, 9.4705e-05, 4.59402630334e-16, 5.86542670033, 1, 0.111401045631, 30.0, 71.0, industrial.top_bin_right_02
right_arm_TRRT, 2.017883906, 1, 0.019656759, 0.006991, 0.0, 5.86500067554, 1, 0.117125421762, 1.991142, 1.95724285476, 7.478115693, 1, 0.0715578229477, 9.4147e-05, 4.90029472802e-16, 5.86500067554, 1, 0.111665680234, 30.0, 81.0, industrial.top_bin_right_02
right_arm_TRRT, 2.148720307, 1, 0.017351942, 0.006164, 0.0, 4.72161863229, 1, 0.084256417118, 2.125123, 0.777401069495, 6.03160186178, 1, 0.0633168948814, 8.1365e-05, 7.10542737531e-16, 4.72161863229, 1, 0.0831204686314, 30.0, 91.0, industrial.top_bin_right_02
right_arm_TRRT, 0.554561442, 1, 0.020656995, 0.007017, 0.0, 5.86249864078, 1, 0.117110680789, 0.526794, 4.87283084463, 10.8776211148, 1, 0.0631718369822, 9.3447e-05, 3.98148946626e-16, 5.86249864078, 1, 0.111619576041, 40.0, 1.0, industrial.top_bin_right_02
right_arm_TRRT, 0.567281844, 1, 0.02008979, 0.007047, 0.0, 5.86783264787, 1, 0.117043845356, 0.54005, 2.979637188, 7.10917083192, 1, 0.0680289712424, 9.5054e-05, 4.5940263047e-16, 5.86783264787, 1, 0.111579892193, 40.0, 11.0, industrial.top_bin_right_02
right_arm_TRRT, 0.717438789, 1, 0.019886344, 0.00702, 0.0, 5.49799494868, 1, 0.107686705887, 0.690442, 3.65194014092, 8.49828575537, 1, 0.0730595165291, 9.0445e-05, 8.88178421365e-16, 5.49799494868, 1, 0.103738876592, 40.0, 21.0, industrial.top_bin_right_02
right_arm_TRRT, 1.045823072, 1, 0.020504135, 0.007003, 0.0, 5.85741664903, 1, 0.117052644491, 1.018222, 3.49134975259, 9.4291394756, 1, 0.081172077085, 9.3937e-05, 4.28775788275e-16, 5.85741664903, 1, 0.111579512214, 40.0, 31.0, industrial.top_bin_right_02
right_arm_TRRT, 1.37085568, 1, 0.020029045, 0.007043, 0.0, 5.86143213339, 1, 0.116997186095, 1.343689, 1.31454421176, 6.78111986642, 1, 0.0618280589891, 9.4635e-05, 3.06268420177e-16, 5.86143213339, 1, 0.111500630605, 40.0, 41.0, industrial.top_bin_right_02
right_arm_TRRT, 1.355372636, 1, 0.01969049, 0.007012, 0.0, 5.87465210786, 1, 0.117176122963, 1.328576, 1.87413937646, 8.46065347157, 1, 0.060469527108, 9.4146e-05, 3.36895262236e-16, 5.87465210786, 1, 0.111730311451, 40.0, 51.0, industrial.top_bin_right_02
right_arm_TRRT, 1.736937845, 1, 0.01951656, 0.007604, 0.0, 5.86586631357, 1, 0.116984132677, 1.709723, 0.987917349935, 6.58964570231, 1, 0.0675772495398, 9.4285e-05, 2.45014736196e-16, 5.86586631357, 1, 0.11147581529, 40.0, 61.0, industrial.top_bin_right_02
right_arm_TRRT, 1.172796276, 1, 0.019879222, 0.007013, 0.0, 5.87874892742, 1, 0.116896755993, 1.145809, 2.38729855462, 7.86599050841, 1, 0.0570871061645, 9.5054e-05, 3.98148946353e-16, 5.87874892742, 1, 0.1113178098, 40.0, 71.0, industrial.top_bin_right_02
right_arm_TRRT, 1.382143568, 1, 0.019334911, 0.007002, 0.0, 5.86441350557, 1, 0.117024790496, 1.355713, 2.01655818922, 6.90079494742, 1, 0.0780193490738, 9.3657e-05, 9.18805261759e-17, 5.86441350557, 1, 0.111503975915, 40.0, 81.0, industrial.top_bin_right_02
right_arm_TRRT, 1.567129094, 1, 0.019408808, 0.006976, 0.0, 5.86566525824, 1, 0.116971053183, 1.54065, 1.68070976667, 6.61930147179, 1, 0.0726104795255, 9.4286e-05, 1.22507368098e-16, 5.86566525824, 1, 0.111419870679, 40.0, 91.0, industrial.top_bin_right_02
right_arm_TRRT, 0.382869564, 1, 0.020304069, 0.007027, 0.0, 5.84855715627, 1, 0.117176488042, 0.355444, 3.73855715695, 9.36312217884, 1, 0.0664534816252, 9.4495e-05, 5.51283156606e-16, 5.84855715627, 1, 0.111725871162, 50.0, 1.0, industrial.top_bin_right_02
right_arm_TRRT, 0.29080834, 1, 0.019512566, 0.007028, 0.0, 5.85507160993, 1, 0.116910584271, 0.264173, 4.15923347681, 7.75285554143, 1, 0.0793902465058, 9.4774e-05, 5.20656314548e-16, 5.85507160993, 1, 0.111375291286, 50.0, 11.0, industrial.top_bin_right_02
right_arm_TRRT, 0.417690186, 1, 0.019579573, 0.007017, 0.0, 5.87103759672, 1, 0.116827469319, 0.390998, 1.52273472818, 6.6585232929, 1, 0.0648359732533, 9.5613e-05, 3.98148946489e-16, 5.87103759672, 1, 0.111266192948, 50.0, 21.0, industrial.top_bin_right_02
right_arm_TRRT, 0.962973225, 1, 0.01947852, 0.007015, 0.0, 5.87591114651, 1, 0.116998925805, 0.936385, 0.772987730835, 6.91662029456, 1, 0.0990563973107, 9.4705e-05, 4.28775788275e-16, 5.87591114651, 1, 0.111490409179, 50.0, 31.0, industrial.top_bin_right_02
right_arm_TRRT, 2.600106274, 1, 0.019639569, 0.007005, 0.0, 5.88128033556, 1, 0.116806335747, 2.573367, 0.715072001276, 6.49414569021, 1, 0.0749670243399, 9.4705e-05, 6.12536840627e-16, 5.88128033556, 1, 0.111189610999, 50.0, 41.0, industrial.top_bin_right_02
right_arm_TRRT, 1.847464755, 1, 0.02099812, 0.007094, 0.0, 5.87645268515, 1, 0.117003627121, 1.819278, 4.9176481228, 10.7624085351, 1, 0.0633063999024, 9.4635e-05, 2.14387894274e-16, 5.87645268515, 1, 0.11150883652, 50.0, 51.0, industrial.top_bin_right_02
right_arm_TRRT, 1.552191029, 1, 0.019836648, 0.007062, 0.0, 5.84874371099, 1, 0.117160115391, 1.525196, 1.7022453944, 6.64549483393, 1, 0.0598970702426, 9.6381e-05, 3.67522104158e-16, 5.84874371099, 1, 0.111703560013, 50.0, 61.0, industrial.top_bin_right_02
right_arm_TRRT, 1.491277619, 1, 0.020024286, 0.007053, 0.0, 5.87892450896, 1, 0.117007412016, 1.464105, 2.688332115, 7.68804101771, 1, 0.0651435651428, 9.5333e-05, 2.45014736196e-16, 5.87892450896, 1, 0.111485350235, 50.0, 71.0, industrial.top_bin_right_02
right_arm_TRRT, 1.52873602, 1, 0.019929036, 0.007016, 0.0, 5.87329057, 1, 0.117138803005, 1.501696, 1.97493661212, 7.03467940808, 1, 0.0539972762662, 9.4984e-05, 4.28775788275e-16, 5.87329057, 1, 0.111660930103, 50.0, 81.0, industrial.top_bin_right_02
right_arm_TRRT, 2.103654171, 1, 0.019584698, 0.007059, 0.0, 5.85883298239, 1, 0.116956785321, 2.076915, 1.20345301366, 6.59814750212, 1, 0.0684922169894, 9.5473e-05, 3.67522104295e-16, 5.85883298239, 1, 0.111423262748, 50.0, 91.0, industrial.top_bin_right_02
